AMST-32-01;AMERICAN STUDIES;[l];;;;Asia/Pacif/Amer Experience;Sujani Reddy;L/D;TTH 10:00AM-11:20AM;MERR 401
AMST-68-01;AMERICAN STUDIES;[l];;;[x];Resrch Methods: Amer Culture;Robert Hayashi;L/D;W 2:00PM-5:00PM;CHAP 210
ANTH-12-01;ANTHROPOLOGY;;;;;Social Anthropology;Deborah Gewertz;L/D;TTH 11:30AM-12:50PM;MERR 03
ANTH-22-01;ANTHROPOLOGY;;[p];;;Anthro of Religion;Lawrence Babb;L/D;TTH 10:00AM-11:20AM;SMUD 205
ANTH-24-01;ANTHROPOLOGY;;;;;Archaeological Method;Elizabeth Klarich;L/D;TTH 10:00AM-11:20AM;JOCH 21
ANTH-26-01;ANTHROPOLOGY;;;[c];[x];African Cultrs/Societies;Miriam Goheen;L/D;MW 12:30PM-1:50PM;MERR 4
ANTH-31-01;ANTHROPOLOGY;[l];;;[x];Anthro and Middle East;Christopher Dole;L/D;TTH 2:00PM-3:20PM;CHAP 205
ANTH-32-01;ANTHROPOLOGY;[l];;;;Contemp Anthropology;Deborah Gewertz;L/D;W 2:00PM-5:00PM;CONV 304
ANTH-34-01;ANTHROPOLOGY;[l];;;[x];Religion: S Asian World;Lawrence Babb;L/D;MW 2:00PM-3:20PM;ESNH 107
ANTH-42-01;ANTHROPOLOGY;;;[c];;Madness and Politics;Christopher Dole;L/D;M 2:00PM-4:30PM;MERR 401
ANTH-43-01;ANTHROPOLOGY;;;[c];;Econ Anthr & Soc Theory;Miriam Goheen;L/D;T 2:00PM-4:30PM;WEBS 220
ARAB-02-01;ARABIC;;;;;First-Year Arabic II;El Yasmine Hasnaoui;L/D;MTWTHF 9:00AM-9:50AM;CHAP 103
ARAB-02-02;ARABIC;;;;;First-Year Arabic II;El Yasmine Hasnaoui;L/D;MTWTHF 1:00PM-1:50PM;CHAP 103
ARAB-04-01;ARABIC;;;;;Second-Year Arabic II;El Yasmine Hasnaoui;L/D;MTWTHF 11:00AM-11:50AM;WEBS 219
ARHA-02-01;ART AND THE HISTORY OF ART;;;[c];;The Practice of Art;David Gloman;L/D;TTH 9:00AM-11:00AM;FAYE 101
ARHA-04-01;ART AND THE HISTORY OF ART;;;[c];;Basic Drawing;Betsey Garand;L/D;MW 1:00PM-4:00PM;FAYE 101
ARHA-13-01;ART AND THE HISTORY OF ART;;;[c];;Printmaking I;Betsey Garand;L/D;TTH 1:00PM-4:00PM;FAYE 205
ARHA-14-01;ART AND THE HISTORY OF ART;;;[c];;Sculpture I;Carol Keller;L/D;MW 1:00PM-4:00PM;FAYE 1
ARHA-16-01;ART AND THE HISTORY OF ART;[l];[p];;[x];Europ Architecture/Design;Thom Long;L/D;MW 9:00AM-12:00PM;SMUD 116
ARHA-18-01;ART AND THE HISTORY OF ART;;;[c];;Photography I;Justin Kimball;L/D;TTH 1:00PM-4:00PM;FAYE 17B
ARHA-24-01;ART AND THE HISTORY OF ART;[l];;;;Sculpture II;Carol Keller;L/D;TTH 1:00PM-4:00PM;FAYE 1
ARHA-26-01;ART AND THE HISTORY OF ART;[l];;;;Painting II;David Gloman;L/D;TTH 1:00PM-4:00PM;FAYE 201
ARHA-28-01;ART AND THE HISTORY OF ART;;;[c];;Photography II;Justin Kimball;L/D;TTH 9:00AM-11:00AM;FAYE 17B
ARHA-32-01;ART AND THE HISTORY OF ART;;;;;Art/Architectre 300-1500;Joel Upton;L/D;MW 12:30PM-1:50PM;FAYE 117
ARHA-37-01;ART AND THE HISTORY OF ART;;;[c];;Amer Art/Arch 1600-Present;Carol Clark;L/D;TTH 10:00AM-11:20AM;FAYE 113
ARHA-48-01;ART AND THE HISTORY OF ART;;;;[x];Arts of Japan;Samuel Morse;L/D;MWF 10:00AM-10:50AM;FAYE 113
ARHA-49-01;ART AND THE HISTORY OF ART;;;;[x];Survey of African Art;Rowland Abiodun;L/D;MW 8:30AM-9:50AM;FAYE 217A
ARHA-53-01;ART AND THE HISTORY OF ART;;;;;Dutch & Flemish Painting;Joel Upton;L/D;TTH 2:00PM-3:20PM;FAYE 117
ARHA-56-01;ART AND THE HISTORY OF ART;;;[c];[x];Baroque Art;Nicola Courtright;L/D;TTH 11:30AM-12:50PM;FAYE 117
ARHA-80-01;ART AND THE HISTORY OF ART;;;[c];;Museums and Society;Carol Clark & Samuel Morse;L/D;MW 12:30PM-1:50PM;FAYE 113
ARHA-92-01;ART AND THE HISTORY OF ART;[l];;;;Comedy/Artistic Strategy;Sara Rafferty;LEC;TH 1:00PM-4:00PM;FAYE 101
ARHA-92-01;ART AND THE HISTORY OF ART;[l];;;;Comedy/Artistic Strategy;Sara Rafferty;L/D;T 1:00PM-4:00PM;SMUD 002
ASLC-23-01;ASIAN LANGUAGES AND CIVILIZATIONS;;;;[x];Arts of Japan;Samuel Morse;L/D;MWF 10:00AM-10:50AM;FAYE 113
ASLC-30-01;ASIAN LANGUAGES AND CIVILIZATIONS;[l];;;;India in Film;David Reck;L/D;TTH 2:00PM-3:20PM;MEAD 115
ASLC-31-01;ASIAN LANGUAGES AND CIVILIZATIONS;[l];;;;Asian Studies Colloquium;Jerry Dennerline & Monica Ringer;L/D;TTH 11:30AM-12:50PM;CONV 304
ASLC-33-01;ASIAN LANGUAGES AND CIVILIZATIONS;[l];;;;Mod & Contemp Japan Lit;Timothy Van Compernolle;L/D;TTH 2:00PM-3:20PM;CHAP 204
ASLC-39-01;ASIAN LANGUAGES AND CIVILIZATIONS;;;[c];;Asia Pop;T Van Compernolle & P Zamperini;L/D;TTH 10:00AM-11:20AM;WEBS 220
ASLC-41-01;ASIAN LANGUAGES AND CIVILIZATIONS;[l];;;[x];Anthro and Middle East;Christopher Dole;L/D;TTH 2:00PM-3:20PM;CHAP 205
ASLC-46-01;ASIAN LANGUAGES AND CIVILIZATIONS;;;;[x];Modern China;Jerry Dennerline;L/D;TTH 2:00PM-3:20PM;CHAP 203
ASLC-47-01;ASIAN LANGUAGES AND CIVILIZATIONS;;;;[x];Modern Japan;Trent Maxey;L/D;MWF 11:00AM-11:50AM;FAYE 117
ASLC-56-01;ASIAN LANGUAGES AND CIVILIZATIONS;;;;[x];Islamic Mystic Tradition;Tariq Jaffer;L/D;TH 2:00PM-4:30PM;CHAP 210
ASLC-58-01;ASIAN LANGUAGES AND CIVILIZATIONS;;;;[x];Buddhist Ethics;Maria Heim;L/D;MW 12:30PM-1:50PM;WEBS 220
ASLC-60-01;ASIAN LANGUAGES AND CIVILIZATIONS;[l];;;[x];Religion: S Asian World;Lawrence Babb;L/D;MW 2:00PM-3:20PM;ESNH 107
ASLC-63-01;ASIAN LANGUAGES AND CIVILIZATIONS;;;[c];[x];Women in Middle East;Monica Ringer;L/D;TTH 2:00PM-3:20PM;CONV 209
ASLC-66-01;ASIAN LANGUAGES AND CIVILIZATIONS;;;;;Novel in Pre-Mod China;Paola Zamperini;L/D;MW 12:30PM-1:50PM;WEBS 217
ASTR-11-01;ASTRONOMY;;;[c];;Intro Modern Astronomy;George Greenstein;L/D;MWF 11:00AM-11:50AM;CHAP 201
ASTR-14-01;ASTRONOMY;;;;;Stars and Galaxies;Ronald Snell;L/D;TTH 1:00PM-2:15PM;Hasbrouck 138, UM
ASTR-20-01;ASTRONOMY;;;;;Commun Sci Thru Elec Media;H Crowl & S Hameed;L/D;M 6:30PM-9:30PM;126 Adele Simmons Hall, HC
ASTR-25-01;ASTRONOMY;;;;;Galctic/Extragalct Astro;Suzan Edwards;L/D;MW 3:00PM-5:00PM;Jan Greene Bldg, Smith
ASTR-28-01;ASTRONOMY;;;;;Intro to Astrophysics;Salman Hameed;L/D;MW 2:30PM-3:50PM;TBA
ASTR-37-01;ASTRONOMY;;;;;Optical & Infrared Astro;R Gutermuth & J Lowenthal;L/D;T 7:00PM-10:00PM;406 MacConnell, Smith
ASTR-52-01;ASTRONOMY;;;;;Adv Astrophysics;Houjun Mo;L/D;MW 1:25PM-3:00PM;LGRT 1114, UM
ASTR-74-01;ASTRONOMY;;;;;Reading Course;The Department;L/D;TBD;TBA
BIOL-14-01;BIOLOGY;;;;;Evolutn of Human Nature;William Zimmerman;L/D;TTH 11:30AM-12:50PM;MERR 2
BIOL-18-02;BIOLOGY;[l];;;;Adaptation & Organism;E Clotfelter & Michael Hood;LEC;MWF 10:00AM-10:50AM;MEAD 115
BIOL-18-02;BIOLOGY;[l];;;;Adaptation & Organism;E Clotfelter & Michael Hood;DIS;T 1:00PM-1:50PM;MEAD 115
BIOL-18-02;BIOLOGY;[l];;;;Adaptation & Organism;E Clotfelter & Michael Hood;LAB;T 2:00PM-5:00PM;MCLS 234
BIOL-18-03;BIOLOGY;[l];;;;Adaptation & Organism;E Clotfelter & Michael Hood;LEC;MWF 10:00AM-10:50AM;MEAD 115
BIOL-18-03;BIOLOGY;[l];;;;Adaptation & Organism;E Clotfelter & Michael Hood;DIS;T 1:00PM-1:50PM;MEAD 115
BIOL-18-03;BIOLOGY;[l];;;;Adaptation & Organism;E Clotfelter & Michael Hood;LAB;W 2:00PM-5:00PM;MCLS 234
BIOL-18-04;BIOLOGY;[l];;;;Adaptation & Organism;E Clotfelter & Michael Hood;LEC;MWF 10:00AM-10:50AM;MEAD 115
BIOL-18-04;BIOLOGY;[l];;;;Adaptation & Organism;E Clotfelter & Michael Hood;DIS;T 1:00PM-1:50PM;MEAD 115
BIOL-18-04;BIOLOGY;[l];;;;Adaptation & Organism;E Clotfelter & Michael Hood;LAB;TH 2:00PM-5:00PM;MCLS 234
BIOL-18-05;BIOLOGY;[l];;;;Adaptation & Organism;E Clotfelter & Michael Hood;LEC;MWF 10:00AM-10:50AM;MEAD 115
BIOL-18-05;BIOLOGY;[l];;;;Adaptation & Organism;E Clotfelter & Michael Hood;DIS;T 1:00PM-1:50PM;MEAD 115
BIOL-18-05;BIOLOGY;[l];;;;Adaptation & Organism;E Clotfelter & Michael Hood;LAB;F 2:00PM-5:00PM;MCLS 234
BIOL-18-06;BIOLOGY;[l];;;;Adaptation & Organism;E Clotfelter & Michael Hood;LEC;MWF 10:00AM-10:50AM;MEAD 115
BIOL-18-06;BIOLOGY;[l];;;;Adaptation & Organism;E Clotfelter & Michael Hood;DIS;T 1:00PM-1:50PM;MEAD 115
BIOL-18-06;BIOLOGY;[l];;;;Adaptation & Organism;E Clotfelter & Michael Hood;LAB;TH 8:00AM-11:00AM;MCLS 234
BIOL-22-01;BIOLOGY;;;;;Developmental Biology;Dominic Poccia;LEC;MWF 11:00AM-11:50AM;MERR 220
BIOL-22-01;BIOLOGY;;;;;Developmental Biology;Dominic Poccia;DIS;W 1:00PM-1:50PM;MERR 220
BIOL-22-01;BIOLOGY;;;;;Developmental Biology;Dominic Poccia;LAB;W 2:00PM-6:00PM;MCLS 336
BIOL-24-04;BIOLOGY;[l];;;;Genetic Analysis;Caroline Goutte;LEC;TTH 10:00AM-11:20AM;MERR 131
BIOL-24-04;BIOLOGY;[l];;;;Genetic Analysis;Caroline Goutte;LAB;TH 2:00PM-5:00PM;MCLS 432
BIOL-24-05;BIOLOGY;[l];;;;Genetic Analysis;Caroline Goutte;LEC;TTH 10:00AM-11:20AM;MERR 131
BIOL-24-05;BIOLOGY;[l];;;;Genetic Analysis;Caroline Goutte;LAB;F 1:00PM-4:00PM;MCLS 432
BIOL-29-04;BIOLOGY;[l];[p];;;Cell Structure/Function;Amy Springer;LEC;TTH 8:30AM-9:50AM;ESNH 107
BIOL-29-04;BIOLOGY;[l];[p];;;Cell Structure/Function;Amy Springer;DIS;T 1:00PM-1:50PM;MERR 401
BIOL-29-04;BIOLOGY;[l];[p];;;Cell Structure/Function;Amy Springer;LAB;TH 2:00PM-5:00PM;MCLS 336
BIOL-29-05;BIOLOGY;[l];;;;Cell Structure/Function;Amy Springer;LEC;TTH 8:30AM-9:50AM;ESNH 107
BIOL-29-05;BIOLOGY;[l];;;;Cell Structure/Function;Amy Springer;DIS;T 1:00PM-1:50PM;MERR 401
BIOL-29-05;BIOLOGY;[l];;;;Cell Structure/Function;Amy Springer;LAB;F 1:00PM-4:00PM;MCLS 336
BIOL-30-02;BIOLOGY;[l];;[c];[x];Biochemistry;Sheila Jaswal & P Williamson;LEC;MWF 10:00AM-10:50AM;MERR 4
BIOL-30-02;BIOLOGY;[l];;[c];[x];Biochemistry;Sheila Jaswal & P Williamson;DIS;F 2:00PM-2:50PM;MERR 4
BIOL-30-02;BIOLOGY;[l];;[c];[x];Biochemistry;Sheila Jaswal & P Williamson;LAB;T 2:00PM-6:00PM;MERR 404
BIOL-30-03;BIOLOGY;[l];;[c];[x];Biochemistry;Sheila Jaswal & P Williamson;LEC;MWF 10:00AM-10:50AM;MERR 4
BIOL-30-03;BIOLOGY;[l];;[c];[x];Biochemistry;Sheila Jaswal & P Williamson;DIS;F 2:00PM-2:50PM;MERR 4
BIOL-30-03;BIOLOGY;[l];;[c];[x];Biochemistry;Sheila Jaswal & P Williamson;LAB;W 2:00PM-6:00PM;MERR 404
BIOL-30-04;BIOLOGY;[l];;[c];[x];Biochemistry;Sheila Jaswal & P Williamson;LEC;MWF 10:00AM-10:50AM;MERR 4
BIOL-30-04;BIOLOGY;[l];;[c];[x];Biochemistry;Sheila Jaswal & P Williamson;DIS;F 2:00PM-2:50PM;MERR 4
BIOL-30-04;BIOLOGY;[l];;[c];[x];Biochemistry;Sheila Jaswal & P Williamson;LAB;TH 2:00PM-6:00PM;MERR 404
BIOL-32-01;BIOLOGY;[l];;;;Evolutionary Biology;Jill Miller;LEC;TTH 11:30AM-12:50PM;MERR 315
BIOL-32-01;BIOLOGY;[l];;;;Evolutionary Biology;Jill Miller;LAB;TH 2:00PM-6:00PM;MCLS 146
BIOL-33-01;BIOLOGY;[l];;;;Immunology;Richard Goldsby;L/D;TTH 2:00PM-4:00PM;MERR 220
BIOL-35-01;BIOLOGY;;;;;Neurobiology;Stephen George;LEC;MWF 9:00AM-9:50AM;FAYE 115
BIOL-35-01;BIOLOGY;;;;;Neurobiology;Stephen George;DIS;TH 1:00PM-1:50PM;MERR 403
BIOL-44-01;BIOLOGY;;;[c];;Disease Biology;Michael Hood;L/D;W 2:00PM-5:00PM;MCLS 428
BIOL-46-01;BIOLOGY;[l];;;;Behavioral Ecology;Ethan Temeles;L/D;TH 2:00PM-5:00PM;MCLS 230
BIOL-48-01;BIOLOGY;;;[c];;Conservation Biology;Charles Donlan;L/D;T 2:00PM-5:00PM;MERR 401
BIOL-78D-00;BIOLOGY;;;;;Senior Honors;The Department;TUT;M 3:30PM-5:00PM;MERR 4
BLST-11-01;BLACK STUDIES;;;[c];;Intro to Black Studies;Hilary Moss;L/D;M 2:00PM-4:30PM;FAYE 113
BLST-11-02;BLACK STUDIES;;;[c];;Intro to Black Studies;Carol Bailey;L/D;M 2:00PM-4:30PM;WEBS 217
BLST-20-01;BLACK STUDIES;;;[c];[x];African Cultrs/Societies;Miriam Goheen;L/D;MW 12:30PM-1:50PM;MERR 4
BLST-23-01;BLACK STUDIES;[l];;;;The Afro-Postmodern;John Drabinski;L/D;MW 12:30PM-1:50PM;CLAR 100
BLST-25-01;BLACK STUDIES;;;;[x];Women & Polit in Africa;Catharine Newbury;L/D;MW 2:00PM-3:20PM;CHAP 201
BLST-35-01;BLACK STUDIES;;;[c];[x];Race and Races;Carleen Basler;L/D;TH 2:00PM-4:30PM;CHAP 101
BLST-37-01;BLACK STUDIES;;;;[x];Caribbean Poetry;C. Rhonda Cobham-Sander;L/D;MW 8:30AM-9:50AM;COOP 101
BLST-42-01;BLACK STUDIES;;;;;Myth/Ritual West Africa;Rowland Abiodun;L/D;MW 12:30PM-1:50PM;COOP 101
BLST-44-01;BLACK STUDIES;;;;[x];Afro-Latin America;Lowell Gudmundson;L/D;MW 12:30PM-1:50PM;CONV 207
BLST-46-01;BLACK STUDIES;;;;[x];Survey of African Art;Rowland Abiodun;L/D;MW 8:30AM-9:50AM;MCLS 230
BLST-53-01;BLACK STUDIES;[l];;;[x];The Blues Muse;Jason Robinson;L/D;TTH 8:30AM-9:50AM;ARMU 212
BLST-54-01;BLACK STUDIES;[l];;;[x];Black Music/Black Poetry;Carol Bailey;L/D;TTH 11:30AM-12:50PM;JOCH 21
BLST-64-01;BLACK STUDIES;;;;;Black Studies Seminar;Jeffrey Ferguson;L/D;W 2:00PM-4:30PM;FAYE 217A
BLST-64-02;BLACK STUDIES;;;;;Black Studies Seminar;C R Cobham-Sander;L/D;W 2:00PM-4:30PM;COOP 101
BLST-65-01;BLACK STUDIES;[l];;;[x];Gandhi and King;J Ferguson & U Mehta;L/D;T 2:00PM-4:30PM;COOP 101
BLST-67-01;BLACK STUDIES;;;[c];[x];Race & Educ Opportunity;Hilary Moss;L/D;W 2:00PM-4:30PM;WEBS 217
CHEM-08-01;CHEMISTRY;;;;;Chem and the Environment;Karena McKinney;LEC;MWF 12:00PM-12:50PM;MERR 401
CHEM-08-01;CHEMISTRY;;;;;Chem and the Environment;Karena McKinney;DIS;M 2:00PM-4:00PM;MERR 314
CHEM-11-02;CHEMISTRY;[l];[p];;[x];Introductory Chemistry;S Burkett & K McKinney;LEC;MWF 11:00AM-11:50AM;MERR 131
CHEM-11-02;CHEMISTRY;[l];[p];;[x];Introductory Chemistry;S Burkett & K McKinney;DIS;M 1:00PM-1:50PM;MERR 403
CHEM-11-02;CHEMISTRY;[l];[p];;[x];Introductory Chemistry;S Burkett & K McKinney;LAB;T 2:00PM-5:00PM;MERR 425
CHEM-11-03;CHEMISTRY;[l];[p];;[x];Introductory Chemistry;S Burkett & K McKinney;LEC;MWF 11:00AM-11:50AM;MERR 131
CHEM-11-03;CHEMISTRY;[l];[p];;[x];Introductory Chemistry;S Burkett & K McKinney;DIS;M 2:00PM-2:50PM;MERR 403
CHEM-11-03;CHEMISTRY;[l];[p];;[x];Introductory Chemistry;S Burkett & K McKinney;LAB;W 2:00PM-5:00PM;MERR 425
CHEM-11-26;CHEMISTRY;[l];[p];;[x];Introductory Chemistry;S Burkett & K McKinney;LEC;MWF 11:00AM-11:50AM;MERR 131
CHEM-11-26;CHEMISTRY;[l];[p];;[x];Introductory Chemistry;S Burkett & K McKinney;L/D;F 1:00PM-:300PM;MERR 315
CHEM-11-26;CHEMISTRY;[l];[p];;[x];Introductory Chemistry;S Burkett & K McKinney;DIS;M 1:00PM-1:50PM;MERR 403
CHEM-11-26;CHEMISTRY;[l];[p];;[x];Introductory Chemistry;S Burkett & K McKinney;LAB;T 2:00PM-5:00PM;MERR 425
CHEM-11-36;CHEMISTRY;[l];[p];;[x];Introductory Chemistry;S Burkett & K McKinney;LEC;MWF 11:00AM-11:50AM;MERR 131
CHEM-11-36;CHEMISTRY;[l];[p];;[x];Introductory Chemistry;S Burkett & K McKinney;L/D;F 1:00PM-:300PM;MERR 315
CHEM-11-36;CHEMISTRY;[l];[p];;[x];Introductory Chemistry;S Burkett & K McKinney;DIS;M 2:00PM-2:50PM;MERR 403
CHEM-11-36;CHEMISTRY;[l];[p];;[x];Introductory Chemistry;S Burkett & K McKinney;LAB;W 2:00PM-5:00PM;MERR 425
CHEM-12-01;CHEMISTRY;[l];[p];;[x];Chemical Principles;H Leung & P O'Hara;LEC;MWF 11:00AM-11:50AM;MERR 2
CHEM-12-01;CHEMISTRY;[l];[p];;[x];Chemical Principles;H Leung & P O'Hara;DIS;M 3:00PM-3:50PM;MERR 220
CHEM-12-01;CHEMISTRY;[l];[p];;[x];Chemical Principles;H Leung & P O'Hara;LAB;T 8:00AM-11:00AM;MERR 426
CHEM-12-02;CHEMISTRY;[l];[p];;[x];Chemical Principles;H Leung & P O'Hara;LEC;MWF 11:00AM-11:50AM;MERR 2
CHEM-12-02;CHEMISTRY;[l];[p];;[x];Chemical Principles;H Leung & P O'Hara;DIS;M 3:00PM-3:50PM;MERR 131
CHEM-12-02;CHEMISTRY;[l];[p];;[x];Chemical Principles;H Leung & P O'Hara;LAB;T 2:00PM-5:00PM;MERR 426
CHEM-12-03;CHEMISTRY;[l];[p];;[x];Chemical Principles;H Leung & P O'Hara;LEC;MWF 11:00AM-11:50AM;MERR 2
CHEM-12-03;CHEMISTRY;[l];[p];;[x];Chemical Principles;H Leung & P O'Hara;DIS;M 2:00PM-2:50PM;MERR 131
CHEM-12-03;CHEMISTRY;[l];[p];;[x];Chemical Principles;H Leung & P O'Hara;LAB;W 2:00PM-5:00PM;MERR 426
CHEM-12-04;CHEMISTRY;[l];[p];;[x];Chemical Principles;H Leung & P O'Hara;LEC;MWF 11:00AM-11:50AM;MERR 2
CHEM-12-04;CHEMISTRY;[l];[p];;[x];Chemical Principles;H Leung & P O'Hara;DIS;M 2:00PM-2:50PM;MERR 220
CHEM-12-04;CHEMISTRY;[l];[p];;[x];Chemical Principles;H Leung & P O'Hara;LAB;TH 2:00PM-5:00PM;MERR 426
CHEM-12-05;CHEMISTRY;[l];[p];;[x];Chemical Principles;H Leung & P O'Hara;LEC;MWF 11:00AM-11:50AM;MERR 2
CHEM-12-05;CHEMISTRY;[l];[p];;[x];Chemical Principles;H Leung & P O'Hara;DIS;M 1:00PM-1:50PM;MERR 220
CHEM-12-05;CHEMISTRY;[l];[p];;[x];Chemical Principles;H Leung & P O'Hara;LAB;M 3:00PM-6:00PM;MERR 426
CHEM-12-16;CHEMISTRY;[l];[p];;[x];Chemical Principles;H Leung & P O'Hara;LEC;MWF 11:00AM-11:50AM;MERR 2
CHEM-12-16;CHEMISTRY;[l];[p];;[x];Chemical Principles;H Leung & P O'Hara;L/D;F 1:00PM-:300PM;MERR 401
CHEM-12-16;CHEMISTRY;[l];[p];;[x];Chemical Principles;H Leung & P O'Hara;DIS;M 3:00PM-3:50PM;MERR 220
CHEM-12-16;CHEMISTRY;[l];[p];;[x];Chemical Principles;H Leung & P O'Hara;LAB;T 8:00AM-11:00AM;MERR 426
CHEM-12-26;CHEMISTRY;[l];[p];;[x];Chemical Principles;H Leung & P O'Hara;LEC;MWF 11:00AM-11:50AM;MERR 2
CHEM-12-26;CHEMISTRY;[l];[p];;[x];Chemical Principles;H Leung & P O'Hara;L/D;F 1:00PM-:300PM;MERR 401
CHEM-12-26;CHEMISTRY;[l];[p];;[x];Chemical Principles;H Leung & P O'Hara;DIS;M 3:00PM-3:50PM;MERR 131
CHEM-12-26;CHEMISTRY;[l];[p];;[x];Chemical Principles;H Leung & P O'Hara;LAB;T 2:00PM-5:00PM;MERR 426
CHEM-12-36;CHEMISTRY;[l];[p];;[x];Chemical Principles;H Leung & P O'Hara;LEC;MWF 11:00AM-11:50AM;MERR 2
CHEM-12-36;CHEMISTRY;[l];[p];;[x];Chemical Principles;H Leung & P O'Hara;L/D;F 1:00PM-:300PM;MERR 401
CHEM-12-36;CHEMISTRY;[l];[p];;[x];Chemical Principles;H Leung & P O'Hara;DIS;M 2:00PM-2:50PM;MERR 131
CHEM-12-36;CHEMISTRY;[l];[p];;[x];Chemical Principles;H Leung & P O'Hara;LAB;W 2:00PM-5:00PM;MERR 426
CHEM-12-46;CHEMISTRY;[l];[p];;[x];Chemical Principles;H Leung & P O'Hara;LEC;MWF 11:00AM-11:50AM;MERR 2
CHEM-12-46;CHEMISTRY;[l];[p];;[x];Chemical Principles;H Leung & P O'Hara;L/D;F 1:00PM-:300PM;MERR 401
CHEM-12-46;CHEMISTRY;[l];[p];;[x];Chemical Principles;H Leung & P O'Hara;DIS;M 2:00PM-2:50PM;MERR 220
CHEM-12-46;CHEMISTRY;[l];[p];;[x];Chemical Principles;H Leung & P O'Hara;LAB;TH 2:00PM-5:00PM;MERR 426
CHEM-12-56;CHEMISTRY;[l];[p];;[x];Chemical Principles;H Leung & P O'Hara;LEC;MWF 11:00AM-11:50AM;MERR 2
CHEM-12-56;CHEMISTRY;[l];[p];;[x];Chemical Principles;H Leung & P O'Hara;L/D;F 1:00PM-:300PM;MERR 401
CHEM-12-56;CHEMISTRY;[l];[p];;[x];Chemical Principles;H Leung & P O'Hara;DIS;M 1:00PM-1:50PM;MERR 220
CHEM-12-56;CHEMISTRY;[l];[p];;[x];Chemical Principles;H Leung & P O'Hara;LAB;M 3:00PM-6:00PM;MERR 426
CHEM-22-01;CHEMISTRY;[l];;;[x];Organic Chemistry II;Gary Snyder & Wallace Fu;LEC;MWF 11:00AM-11:50AM;MERR 1
CHEM-22-01;CHEMISTRY;[l];;;[x];Organic Chemistry II;Gary Snyder & Wallace Fu;DIS;M 1:00PM-1:50PM;MERR 2
CHEM-22-01;CHEMISTRY;[l];;;[x];Organic Chemistry II;Gary Snyder & Wallace Fu;LAB;W 7:00PM-10:30PM;MERR 421
CHEM-22-02;CHEMISTRY;[l];;;[x];Organic Chemistry II;Gary Snyder & Wallace Fu;LEC;MWF 11:00AM-11:50AM;MERR 1
CHEM-22-02;CHEMISTRY;[l];;;[x];Organic Chemistry II;Gary Snyder & Wallace Fu;DIS;M 1:00PM-1:50PM;MERR 2
CHEM-22-02;CHEMISTRY;[l];;;[x];Organic Chemistry II;Gary Snyder & Wallace Fu;LAB;T 2:00PM-5:30PM;MERR 421
CHEM-22-03;CHEMISTRY;[l];;;[x];Organic Chemistry II;Gary Snyder & Wallace Fu;LEC;MWF 11:00AM-11:50AM;MERR 1
CHEM-22-03;CHEMISTRY;[l];;;[x];Organic Chemistry II;Gary Snyder & Wallace Fu;DIS;M 2:00PM-2:50PM;MERR 2
CHEM-22-03;CHEMISTRY;[l];;;[x];Organic Chemistry II;Gary Snyder & Wallace Fu;LAB;W 2:00PM-5:30PM;MERR 421
CHEM-22-04;CHEMISTRY;[l];;;[x];Organic Chemistry II;Gary Snyder & Wallace Fu;LEC;MWF 11:00AM-11:50AM;MERR 1
CHEM-22-04;CHEMISTRY;[l];;;[x];Organic Chemistry II;Gary Snyder & Wallace Fu;DIS;M 2:00PM-2:50PM;MERR 2
CHEM-22-04;CHEMISTRY;[l];;;[x];Organic Chemistry II;Gary Snyder & Wallace Fu;LAB;TH 2:00PM-5:30PM;MERR 421
CHEM-22-05;CHEMISTRY;[l];;;[x];Organic Chemistry II;Gary Snyder & Wallace Fu;LEC;MWF 11:00AM-11:50AM;MERR 1
CHEM-22-05;CHEMISTRY;[l];;;[x];Organic Chemistry II;Gary Snyder & Wallace Fu;DIS;M 1:00PM-1:50PM;MERR 2
CHEM-22-05;CHEMISTRY;[l];;;[x];Organic Chemistry II;Gary Snyder & Wallace Fu;LAB;M 3:00PM-6:30PM;MERR 421
CHEM-22-16;CHEMISTRY;[l];;;[x];Organic Chemistry II;Gary Snyder & Wallace Fu;LEC;MWF 11:00AM-11:50AM;MERR 1
CHEM-22-16;CHEMISTRY;[l];;;[x];Organic Chemistry II;Gary Snyder & Wallace Fu;L/D;F 1:00PM-:300PM;MERR 403
CHEM-22-16;CHEMISTRY;[l];;;[x];Organic Chemistry II;Gary Snyder & Wallace Fu;DIS;M 1:00PM-1:50PM;MERR 2
CHEM-22-16;CHEMISTRY;[l];;;[x];Organic Chemistry II;Gary Snyder & Wallace Fu;LAB;W 7:00PM-10:30PM;MERR 421
CHEM-22-26;CHEMISTRY;[l];;;[x];Organic Chemistry II;Gary Snyder & Wallace Fu;LEC;MWF 11:00AM-11:50AM;MERR 1
CHEM-22-26;CHEMISTRY;[l];;;[x];Organic Chemistry II;Gary Snyder & Wallace Fu;L/D;F 1:00PM-:300PM;MERR 403
CHEM-22-26;CHEMISTRY;[l];;;[x];Organic Chemistry II;Gary Snyder & Wallace Fu;DIS;M 1:00PM-1:50PM;MERR 2
CHEM-22-26;CHEMISTRY;[l];;;[x];Organic Chemistry II;Gary Snyder & Wallace Fu;LAB;T 2:00PM-5:30PM;MERR 421
CHEM-22-36;CHEMISTRY;[l];;;[x];Organic Chemistry II;Gary Snyder & Wallace Fu;LEC;MWF 11:00AM-11:50AM;MERR 1
CHEM-22-36;CHEMISTRY;[l];;;[x];Organic Chemistry II;Gary Snyder & Wallace Fu;L/D;F 1:00PM-:300PM;MERR 403
CHEM-22-36;CHEMISTRY;[l];;;[x];Organic Chemistry II;Gary Snyder & Wallace Fu;DIS;M 2:00PM-2:50PM;MERR 2
CHEM-22-36;CHEMISTRY;[l];;;[x];Organic Chemistry II;Gary Snyder & Wallace Fu;LAB;W 2:00PM-5:30PM;MERR 421
CHEM-22-46;CHEMISTRY;[l];;;[x];Organic Chemistry II;Gary Snyder & Wallace Fu;LEC;MWF 11:00AM-11:50AM;MERR 1
CHEM-22-46;CHEMISTRY;[l];;;[x];Organic Chemistry II;Gary Snyder & Wallace Fu;L/D;F 1:00PM-:300PM;MERR 403
CHEM-22-46;CHEMISTRY;[l];;;[x];Organic Chemistry II;Gary Snyder & Wallace Fu;DIS;M 2:00PM-2:50PM;MERR 2
CHEM-22-46;CHEMISTRY;[l];;;[x];Organic Chemistry II;Gary Snyder & Wallace Fu;LAB;TH 2:00PM-5:30PM;MERR 421
CHEM-22-56;CHEMISTRY;[l];;;[x];Organic Chemistry II;Gary Snyder & Wallace Fu;LEC;MWF 11:00AM-11:50AM;MERR 1
CHEM-22-56;CHEMISTRY;[l];;;[x];Organic Chemistry II;Gary Snyder & Wallace Fu;L/D;F 1:00PM-:300PM;MERR 403
CHEM-22-56;CHEMISTRY;[l];;;[x];Organic Chemistry II;Gary Snyder & Wallace Fu;DIS;M 1:00PM-1:50PM;MERR 2
CHEM-22-56;CHEMISTRY;[l];;;[x];Organic Chemistry II;Gary Snyder & Wallace Fu;LAB;M 3:00PM-6:30PM;MERR 421
CHEM-30-02;CHEMISTRY;[l];;[c];[x];Biochemistry;Sheila Jaswal & P Williamson;LEC;MWF 10:00AM-10:50AM;MERR 4
CHEM-30-02;CHEMISTRY;[l];;[c];[x];Biochemistry;Sheila Jaswal & P Williamson;DIS;F 2:00PM-2:50PM;MERR 4
CHEM-30-02;CHEMISTRY;[l];;[c];[x];Biochemistry;Sheila Jaswal & P Williamson;LAB;T 2:00PM-6:00PM;MERR 404
CHEM-30-03;CHEMISTRY;[l];;[c];[x];Biochemistry;Sheila Jaswal & P Williamson;LEC;MWF 10:00AM-10:50AM;MERR 4
CHEM-30-03;CHEMISTRY;[l];;[c];[x];Biochemistry;Sheila Jaswal & P Williamson;DIS;F 2:00PM-2:50PM;MERR 4
CHEM-30-03;CHEMISTRY;[l];;[c];[x];Biochemistry;Sheila Jaswal & P Williamson;LAB;W 2:00PM-6:00PM;MERR 404
CHEM-30-04;CHEMISTRY;[l];;[c];[x];Biochemistry;Sheila Jaswal & P Williamson;LEC;MWF 10:00AM-10:50AM;MERR 4
CHEM-30-04;CHEMISTRY;[l];;[c];[x];Biochemistry;Sheila Jaswal & P Williamson;DIS;F 2:00PM-2:50PM;MERR 4
CHEM-30-04;CHEMISTRY;[l];;[c];[x];Biochemistry;Sheila Jaswal & P Williamson;LAB;TH 2:00PM-6:00PM;MERR 404
CHEM-43-01;CHEMISTRY;;;[c];;Physical Chemistry;Mark Marshall;LEC;TTH 10:00AM-11:20AM;MERR 403
CHEM-43-01;CHEMISTRY;;;[c];;Physical Chemistry;Mark Marshall;LAB;T 2:00PM-6:00PM;MERR 419
CHEM-43-02;CHEMISTRY;;;;;Physical Chemistry;Mark Marshall;LEC;TTH 10:00AM-11:20AM;MERR 403
CHEM-43-02;CHEMISTRY;;;;;Physical Chemistry;Mark Marshall;LAB;W 2:00PM-6:00PM;MERR 419
CHEM-78-00;CHEMISTRY;;;;;Senior Honors;;TUT;F 3:00PM-5:00PM;MERR 4
CHEM-78D-00;CHEMISTRY;;;;;Senior Honors;;TUT;F 3:00PM-5:00PM;MERR 315
CHIN-02-01;CHINESE;[l];;;;First-Year Chinese II;Xiaoping Teng;LEC;MWF 9:00AM-9:50AM;WEBS 217
CHIN-02-01;CHINESE;[l];;;;First-Year Chinese II;Xiaoping Teng;DIS;TTH 9:00AM-9:50AM;WEBS 103
CHIN-02-02;CHINESE;[l];;;;First-Year Chinese II;Xiaoping Teng;LEC;MWF 9:00AM-9:50AM;WEBS 217
CHIN-02-02;CHINESE;[l];;;;First-Year Chinese II;Xiaoping Teng;DIS;TTH 10:00AM-10:50AM;WEBS 103
CHIN-02-03;CHINESE;[l];;;;First-Year Chinese II;Xiaoping Teng;LEC;MWF 9:00AM-9:50AM;WEBS 217
CHIN-02-03;CHINESE;[l];;;;First-Year Chinese II;Xiaoping Teng;DIS;TTH 1:00PM-1:50PM;WEBS 103
CHIN-02-04;CHINESE;[l];;;;First-Year Chinese II;Xiaoping Teng;LEC;MWF 9:00AM-9:50AM;WEBS 217
CHIN-02-04;CHINESE;[l];;;;First-Year Chinese II;Xiaoping Teng;DIS;TTH 2:00PM-2:50PM;WEBS 103
CHIN-02-05;CHINESE;[l];;;;First-Year Chinese II;Xiaoping Teng;LEC;MWF 10:00AM-10:50AM;WEBS 217
CHIN-02-05;CHINESE;[l];;;;First-Year Chinese II;Xiaoping Teng;DIS;TTH 9:00AM-9:50AM;WEBS 103
CHIN-02-06;CHINESE;[l];;;;First-Year Chinese II;Xiaoping Teng;LEC;MWF 10:00AM-10:50AM;WEBS 217
CHIN-02-06;CHINESE;[l];;;;First-Year Chinese II;Xiaoping Teng;DIS;TTH 10:00AM-10:50AM;WEBS 103
CHIN-02-07;CHINESE;[l];;;;First-Year Chinese II;Xiaoping Teng;LEC;MWF 10:00AM-10:50AM;WEBS 217
CHIN-02-07;CHINESE;[l];;;;First-Year Chinese II;Xiaoping Teng;DIS;TTH 1:00PM-1:50PM;WEBS 103
CHIN-02-08;CHINESE;[l];;;;First-Year Chinese II;Xiaoping Teng;LEC;MWF 10:00AM-10:50AM;WEBS 217
CHIN-02-08;CHINESE;[l];;;;First-Year Chinese II;Xiaoping Teng;DIS;TTH 2:00PM-2:50PM;WEBS 103
CHIN-06-01;CHINESE;[l];;;;Second-Year Chinese II;Weijia Li;LEC;TTH 10:00AM-10:50AM;CHAP 210
CHIN-06-01;CHINESE;[l];;;;Second-Year Chinese II;Weijia Li;DIS;MWF 10:00AM-10:50AM;WEBS 103
CHIN-06-02;CHINESE;[l];;;;Second-Year Chinese II;Weijia Li;LEC;TTH 10:00AM-10:50AM;CHAP 210
CHIN-06-02;CHINESE;[l];;;;Second-Year Chinese II;Weijia Li;DIS;MWF 11:00AM-11:50AM;WEBS 103
CHIN-06-03;CHINESE;[l];;;;Second-Year Chinese II;Weijia Li;LEC;TTH 10:00AM-10:50AM;CHAP 210
CHIN-06-03;CHINESE;[l];;;;Second-Year Chinese II;Weijia Li;DIS;MWF 1:00PM-1:50PM;WEBS 103
CHIN-06-04;CHINESE;[l];;;;Second-Year Chinese II;Weijia Li;LEC;TTH 10:00AM-10:50AM;CHAP 210
CHIN-06-04;CHINESE;[l];;;;Second-Year Chinese II;Weijia Li;DIS;MWF 2:00PM-2:50PM;WEBS 103
CHIN-06-05;CHINESE;[l];;;;Second-Year Chinese II;Weijia Li;LEC;TTH 11:30AM-12:20PM;CHAP 210
CHIN-06-05;CHINESE;[l];;;;Second-Year Chinese II;Weijia Li;DIS;MWF 10:00AM-10:50AM;WEBS 103
CHIN-06-06;CHINESE;[l];;;;Second-Year Chinese II;Weijia Li;LEC;TTH 11:30AM-12:20PM;CHAP 210
CHIN-06-06;CHINESE;[l];;;;Second-Year Chinese II;Weijia Li;DIS;MWF 11:00AM-11:50AM;WEBS 103
CHIN-06-07;CHINESE;[l];;;;Second-Year Chinese II;Weijia Li;LEC;TTH 11:30AM-12:20PM;CHAP 210
CHIN-06-07;CHINESE;[l];;;;Second-Year Chinese II;Weijia Li;DIS;MWF 1:00PM-1:50PM;WEBS 103
CHIN-06-08;CHINESE;[l];;;;Second-Year Chinese II;Weijia Li;LEC;TTH 11:30AM-12:20PM;CHAP 210
CHIN-06-08;CHINESE;[l];;;;Second-Year Chinese II;Weijia Li;DIS;MWF 2:00PM-2:50PM;WEBS 103
CHIN-08-01;CHINESE;;;;;Third-Year Chinese II;Tong Shen;LEC;MWF 2:00PM-2:50PM;SMUD 202
CHIN-08-01;CHINESE;;;;;Third-Year Chinese II;Tong Shen;DIS;TTH 11:30AM-12:20PM;SMUD 202
CHIN-10-01;CHINESE;;[p];;;Fourth-Year Chinese II;Tong Shen;L/D;MWF 11:00AM-11:50AM;SMUD 202
CLAS-33-01;CLASSICS;;;;;History of Rome;Luca Grillo;L/D;TTH 10:00AM-11:20AM;MERR 2
COLQ-18-01;COLLOQUIA;[l];;;;Pst Cld War Am Dipl Hist;Norman Levin & Pavel Machala;L/D;W 2:00PM-4:30PM;MORG 111
COSC-05-01;COMPUTER SCIENCE;[l];;[c];;Demystifying Internet;Catherine McGeoch;L/D;TTH 10:00AM-11:20AM;SMUD 207
COSC-11-01;COMPUTER SCIENCE;;;;;Intro Computer Science I;Scott Kaplan;LEC;MW 1:00PM-1:50PM;SMUD 206
COSC-11-01;COMPUTER SCIENCE;;;;;Intro Computer Science I;Scott Kaplan;LAB;F 1:00PM-1:50PM;SMUD 014
COSC-11-02;COMPUTER SCIENCE;;;;;Intro Computer Science I;Scott Kaplan;LEC;MW 1:00PM-1:50PM;SMUD 206
COSC-11-02;COMPUTER SCIENCE;;;;;Intro Computer Science I;Scott Kaplan;LAB;F 2:00PM-2:50PM;SMUD 014
COSC-11-03;COMPUTER SCIENCE;;;;;Intro Computer Science I;Scott Kaplan;LEC;MW 1:00PM-1:50PM;SMUD 206
COSC-11-03;COMPUTER SCIENCE;;;;;Intro Computer Science I;Scott Kaplan;LAB;F 12:00PM-12:50PM;SMUD 014
COSC-12-01;COMPUTER SCIENCE;;;;;Intro Comp Science II;John Rager;L/D;MWF 1:00PM-1:50PM;SMUD 207
COSC-20-01;COMPUTER SCIENCE;;;;;Data Struct & Algorithms I;Lyle McGeoch;L/D;MWF 10:00AM-10:50AM;SMUD 205
COSC-26-01;COMPUTER SCIENCE;;;;;Computer Systems II;Scott Kaplan;L/D;MWF 11:00AM-11:50AM;SMUD 204
COSC-32-01;COMPUTER SCIENCE;;;;;Computer Graphics;John Rager;L/D;MWF 12:00PM-12:50PM;SMUD 207
COSC-34-01;COMPUTER SCIENCE;;;;;Applied Algorithms;Catherine McGeoch;L/D;TTH 2:00PM-3:20PM;SMUD 202
COSC-37-01;COMPUTER SCIENCE;;;;;Compiler Design;Lyle McGeoch;L/D;MWF 2:00PM-2:50PM;SMUD 205
ECON-11-01;ECONOMICS;;;[c];;An Intro to Economics;Sami Alpanda;LEC;T 1:00PM-1:50PM;MERR 1
ECON-11-01;ECONOMICS;;;[c];;An Intro to Economics;Sami Alpanda;DIS;MW 2:00PM-3:20PM;SMUD 206
ECON-11-02;ECONOMICS;[l];;;;An Intro to Economics;Steven Rivkin;LEC;T 1:00PM-1:50PM;MERR 1
ECON-11-02;ECONOMICS;[l];;;;An Intro to Economics;Steven Rivkin;DIS;MW 12:00PM-1:20PM;MERR 1
ECON-11-03;ECONOMICS;[l];;;;An Intro to Economics;Katharine Sims;LEC;T 1:00PM-1:50PM;MERR 1
ECON-11-03;ECONOMICS;[l];;;;An Intro to Economics;Katharine Sims;DIS;TTH 2:00PM-3:20PM;CONV 207
ECON-25-01;ECONOMICS;[l];;;;Environ/Natural Res Econ;Katharine Sims;L/D;TTH 10:00AM-11:20AM;CHAP 201
ECON-35-01;ECONOMICS;;[p];[c];;Consumption & Happiness;Daniel Barbezat;L/D;TTH 2:00PM-3:20PM;MERR 4
ECON-37-01;ECONOMICS;;;[c];;Financial Globalization;Adam Honig;L/D;MW 2:00PM-3:20PM;MERR 3
ECON-40-01;ECONOMICS;;;[c];;Health Economics & Policy;Jessica Reyes;L/D;TTH 11:30AM-12:50PM;ESNH 107
ECON-53-01;ECONOMICS;;;;;Macroeconomics;Adam Honig;L/D;TTH 2:00PM-3:20PM;MERR 3
ECON-54-01;ECONOMICS;;;;;Microeconomics;Beth Yarbrough;L/D;MW 12:00PM-1:20PM;CHAP 201
ECON-55-01;ECONOMICS;;;;;Intro to Econometrics;Sami Alpanda;L/D;MW 10:00AM-11:20AM;JOCH 21
ECON-57-01;ECONOMICS;;;;;Adv Macroeconomics;Geoffrey Woglom;L/D;MWF 10:00AM-10:50AM;CONV 207
ECON-59-01;ECONOMICS;;;;;Econometrics;Steven Rivkin;L/D;MW 2:00PM-3:20PM;SMUD 207
ECON-63-01;ECONOMICS;;;;;Economics of Finance;Geoffrey Woglom;L/D;MWF 1:00PM-1:50PM;CONV 304
ECON-64-01;ECONOMICS;[l];;;;Evaluating Social Policy;Jessica Reyes;L/D;TTH 10:00AM-11:20AM;CONV 308
ECON-70-01;ECONOMICS;[l];;;;Internat Monetary Econ;Edwin Truman;L/D;W 2:00PM-4:30PM;CONV  108
ECON-71-01;ECONOMICS;[l];;;;Economic History;Daniel Barbezat;L/D;TTH 11:30AM-12:50PM;CONV 302
ENGL-01-01;ENGLISH;;;[c];;Having Arguments;Benson Lieber;L/D;MWF 10:00AM-10:50AM;CONV 308
ENGL-01-02;ENGLISH;;;[c];;Representing Illness;Judith Frank;L/D;MW 2:00PM-3:20PM;WEBS 215
ENGL-01-03;ENGLISH;[l];;;;American Renaissance;Allen Guttmann;L/D;MWF 10:00AM-10:50AM;CHAP 204
ENGL-01-04;ENGLISH;;;[c];;Film and Writing;Helen von Schmidt;L/D;TTH 11:30AM-12:50PM;MERR 4
ENGL-02-01;ENGLISH;[l];;;;Reading/Writing/Teaching;Jennifer Cayer;L/D;TTH 8:30AM-9:50AM;CONV 209
ENGL-05-01;ENGLISH;;;[c];;Reading Historically;Karen Sanchez-Eppler;L/D;MW 12:30PM-1:50PM;CHAP 101
ENGL-11-01;ENGLISH;;;;;20th c Theater of Americas;Jennifer Cayer;L/D;TTH 11:30AM-12:50PM;CHAP 203
ENGL-12-01;ENGLISH;;[p];;;Reading Poetry;David Sofield;L/D;TTH 11:30AM-12:50PM;WEBS 220
ENGL-12-02;ENGLISH;;;;;Reading Poetry;Robert Townsend;L/D;MWF 11:00AM-11:50AM;WEBS 215
ENGL-15-01;ENGLISH;[l];;;[x];Black Music/Black Poetry;Carol Bailey;L/D;TTH 11:30AM-12:50PM;JOCH 21
ENGL-18-01;ENGLISH;;[p];;;Coming to Terms: Liter;Anston Bosman;L/D;MW 12:30PM-1:50PM;BARR 102
ENGL-21-01;ENGLISH;[l];[p];;;Writing Poetry I;David Sofield & Richard Wilbur;L/D;W 2:00PM-4:30PM;CONV 208
ENGL-26-01;ENGLISH;[l];[p];;;Fiction Writing I;Alexander Chee;L/D;T 2:00PM-4:30PM;WEBS 215
ENGL-29-01;ENGLISH;;;;;Imitations;Daniel Hall;L/D;MW 12:30PM-1:50PM;OCTA 201
ENGL-32-01;ENGLISH;;;;[x];Medieval Love/Sex/Marriage;Amanda Walling;L/D;MWF 10:00AM-10:50AM;MERR 315
ENGL-36-01;ENGLISH;;;[c];;Shakespeare;Anston Bosman;L/D;TTH 10:00AM-11:20AM;CONV 108
ENGL-39-01;ENGLISH;;[p];;;Major English Writers II;William Pritchard;L/D;MW 2:00PM-3:20PM;CONV 207
ENGL-47-01;ENGLISH;;;;;Rise of English Novel;Judith Frank;L/D;TTH 2:00PM-3:20PM;BARR 102
ENGL-49-01;ENGLISH;;;;;Moral Essay;Robert Townsend;L/D;MW 8:30AM-9:50AM;WEBS 220
ENGL-52-01;ENGLISH;;;;[x];Caribbean Poetry;C. Rhonda Cobham-Sander;L/D;MW 8:30AM-9:50AM;COOP 101
ENGL-62-01;ENGLISH;[l];;;;19th-Cent American Lit;Karen Sanchez-Eppler;L/D;T 2:00PM-5:00PM;MORG 101
ENGL-64-01;ENGLISH;;;;;Realism and Modernism;Dale Peterson;L/D;MW 12:30PM-1:50PM;JOCH 21
ENGL-65-01;ENGLISH;[l];;;;Multiethnic Amer Lit;Robert Hayashi;L/D;TTH 8:30AM-9:50AM;BARR 102
ENGL-84-01;ENGLISH;;;;;Contemporary Filmmakers;John Cameron;L/D;MW 2:00PM-3:20PM;JOCH 21
ENGL-84-02;ENGLISH;[l];;;;Cinema and Everyday Life;Amelie Hastie;L/D;MW 12:30PM-1:50PM;MERR 131
ENGL-85-01;ENGLISH;;;;;Proust;John Cameron;L/D;TTH 2:00PM-3:20PM;JOCH 21
ENGL-89-01;ENGLISH;[l];[p];;[x];Prod Semnar: Movng Image;B Hillman & W Woodson;L/D;W 1:00PM-4:00PM;WEBS 117
ENGL-95-01;ENGLISH;[l];;;;Americans in Paris;Allen Guttmann;L/D;MW 2:00PM-3:20PM;BARR 102
ENGL-95-02;ENGLISH;[l];;;[x];Resrch Methods: Amer Culture;Robert Hayashi;L/D;W 2:00PM-5:00PM;CHAP 210
ENGL-95-03;ENGLISH;;;[c];;Mod Shrt Story Sequences;Dale Peterson;L/D;TTH 10:00AM-11:20AM;CONV 302
ENGL-95-04;ENGLISH;[l];;;;Cinephilia;Amelie Hastie;L/D;TH 2:00PM-5:00PM;CONV 302
ENST-12-01;ENVIRONMENTAL STUDIES;[l];;;;Intro Environ Studies;Jan Dizard & Anna Martini;L/D;TTH 10:00AM-11:20AM;MEAD 115
ENST-20-01;ENVIRONMENTAL STUDIES;;;;[x];Environ Issues 19th Cent;Edward Melillo;L/D;TTH 2:00PM-3:20PM;MERR 403
ENST-24-01;ENVIRONMENTAL STUDIES;;;[c];[x];Intro to Statistics;Amy Wagaman;LEC;MW 10:00AM-10:50AM;SMUD 207
ENST-24-01;ENVIRONMENTAL STUDIES;;;[c];[x];Intro to Statistics;Amy Wagaman;LAB;TH 1:00PM-3:00PM;SMUD 014
ENST-52-01;ENVIRONMENTAL STUDIES;;;[c];;Sustainable Agriculture;Ethan Temeles;L/D;W 2:00PM-5:00PM;MCLS 230
ENST-53-01;ENVIRONMENTAL STUDIES;[l];;;;Race, Gender & Class;Diana Wu;L/D;TTH 11:30AM-12:50PM;MERR 403
EUST-22-01;EUROPEAN STUDIES;;;;;European Tradition II;Ronald Rosbottom;L/D;MW 8:30AM-9:50AM;CONV 302
EUST-24-01;EUROPEAN STUDIES;[l];;;;Poetic Translation;Catherine Ciepiela;L/D;MW 2:00PM-3:20PM;WEBS 219
EUST-34-01;EUROPEAN STUDIES;;;;[x];Birth of the Avant-Garde;C Ciepiela & Katsaros;L/D;TTH 10:00AM-11:20AM;FAYE 117
EUST-35-01;EUROPEAN STUDIES;[l];;[c];[x];20th Cent Cult & Polit;Ronald Tiersky;L/D;MW 2:00PM-3:20PM;CONV 209
EUST-50-01;EUROPEAN STUDIES;;;;;Cityscapes;Ronald Rosbottom;L/D;TTH 11:30AM-12:50PM;CONV 108
EUST-52-01;EUROPEAN STUDIES;[l];[p];;[x];Europ Architecture/Design;Thom Long;L/D;MW 9:00AM-12:00PM;SMUD 116
EUST-56-01;EUROPEAN STUDIES;;;[c];[x];Baroque Art;Nicola Courtright;L/D;TTH 11:30AM-12:50PM;FAYE 117
EUST-64-01;EUROPEAN STUDIES;;;;[x];Arch of Disappearance;Heidi Gilpin;L/D;MW 12:30PM-1:50PM;CONV 302
FREN-01-01;FRENCH;;;;;Elementary French;Raina Uhden;LEC;MWF 10:00AM-10:50AM;CONV 304
FREN-01-01;FRENCH;;;;;Elementary French;Raina Uhden;DIS;TTH 9:00AM-9:50AM;CHAP 119
FREN-01-02;FRENCH;;;;;Elementary French;Raina Uhden;LEC;MWF 10:00AM-10:50AM;CONV 304
FREN-01-02;FRENCH;;;;;Elementary French;Raina Uhden;DIS;TTH 10:00AM-10:50AM;CHAP 103
FREN-01-03;FRENCH;;;;;Elementary French;Raina Uhden;LEC;MWF 10:00AM-10:50AM;CONV 304
FREN-01-03;FRENCH;;;;;Elementary French;Raina Uhden;DIS;TTH 1:00PM-1:50PM;CHAP 204
FREN-03-01;FRENCH;;;;;Intermediate French;Raina Uhden;LEC;MWF 11:00AM-11:50AM;CONV 304
FREN-03-01;FRENCH;;;;;Intermediate French;Raina Uhden;DIS;TH 9:00AM-9:50AM;CHAP 204
FREN-03-02;FRENCH;;;;;Intermediate French;Raina Uhden;LEC;MWF 11:00AM-11:50AM;CONV 304
FREN-03-02;FRENCH;;;;;Intermediate French;Raina Uhden;DIS;TH 1:00PM-1:50PM;CHAP 119
FREN-03-03;FRENCH;;;;;Intermediate French;Raina Uhden;LEC;MWF 11:00AM-11:50AM;CONV 304
FREN-03-03;FRENCH;;;;;Intermediate French;Raina Uhden;DIS;TH 3:30PM-4:20PM;BARR 105
FREN-03-04;FRENCH;;;;;Intermediate French;Raina Uhden;LEC;MWF 1:00PM-1:50PM;CHAP 210
FREN-03-04;FRENCH;;;;;Intermediate French;Raina Uhden;DIS;TH 1:00PM-1:50PM;CHAP 210
FREN-03-05;FRENCH;;;;;Intermediate French;Raina Uhden;LEC;MWF 1:00PM-1:50PM;CHAP 210
FREN-03-05;FRENCH;;;;;Intermediate French;Raina Uhden;DIS;TH 2:00PM-2:50PM;BARR 105
FREN-03-06;FRENCH;;;;;Intermediate French;Raina Uhden;LEC;MWF 1:00PM-1:50PM;CHAP 210
FREN-03-06;FRENCH;;;;;Intermediate French;Raina Uhden;DIS;TH 3:30PM-4:20PM;CHAP 204
FREN-05-01;FRENCH;;;;;Language and Literature;Leah Hewitt;L/D;MWF 11:00AM-11:50AM;CHAP 203
FREN-07-01;FRENCH;;;;;Intro French Lit & Cult;Paul Rockwell;L/D;MWF 10:00AM-10:50AM;FAYE 217A
FREN-08-01;FRENCH;;;[c];;French Conversation;Jay Caplan;L/D;MW 2:00PM-3:20PM;CHAP 205
FREN-08-02;FRENCH;;;[c];;French Conversation;Laure Katsaros;L/D;MWF 10:00AM-10:50AM;CHAP 210
FREN-20-01;FRENCH;;;;;Lit Masks of Middle Ages;Paul Rockwell;L/D;MWF 11:00AM-11:50AM;FAYE 217A
FREN-54-01;FRENCH;;;;;War & Memory;Leah Hewitt;L/D;MWF 10:00AM-10:50AM;CHAP 201
FREN-65-01;FRENCH;;;;;Toward the New Wave;Jay Caplan;L/D;MW 12:30PM-1:50PM;FAYE 217A
GEOL-11-03;GEOLOGY;[l];;;;Principles of Geology;Peter Crowley;LEC;MWF 12:00PM-12:50PM;ESNH 107
GEOL-11-03;GEOLOGY;[l];;;;Principles of Geology;Peter Crowley;LAB;W 2:00PM-4:00PM;ESNH 103
GEOL-11-04;GEOLOGY;[l];;;;Principles of Geology;Peter Crowley;LEC;MWF 12:00PM-12:50PM;ESNH 107
GEOL-11-04;GEOLOGY;[l];;;;Principles of Geology;Peter Crowley;LAB;TH 8:00AM-10:00AM;ESNH 103
GEOL-11-05;GEOLOGY;[l];;;;Principles of Geology;Peter Crowley;LEC;MWF 12:00PM-12:50PM;ESNH 107
GEOL-11-05;GEOLOGY;[l];;;;Principles of Geology;Peter Crowley;LAB;TH 2:00PM-4:00PM;ESNH 103
GEOL-21-01;GEOLOGY;;;;;Surface Earth Dynamics;Anna Martini & William Ouimet;LEC;MWF 11:00AM-11:50AM;ESNH 107
GEOL-21-01;GEOLOGY;;;;;Surface Earth Dynamics;Anna Martini & William Ouimet;LAB;TH 2:00PM-4:00PM;ESNH 203
GEOL-32-01;GEOLOGY;;;;;Igneous Metamor Petrolgy;John Cheney;LEC;MWF 9:00AM-9:50AM;ESNH 303
GEOL-32-01;GEOLOGY;;;;;Igneous Metamor Petrolgy;John Cheney;LAB;W 1:00PM-4:00PM;ESNH 303
GEOL-36-01;GEOLOGY;[l];;;;Analysis of Landscapes;William Ouimet;LEC;TTH 11:30AM-12:50PM;ESNH 311
GEOL-36-01;GEOLOGY;[l];;;;Analysis of Landscapes;William Ouimet;LAB;T 2:00PM-4:00PM;ESNH 311
GERM-02-01;GERMAN;;;;;Elementary German II;Sigrit Schutz;L/D;MWF 9:00AM-9:50AM;CHAP 119
GERM-02-02;GERMAN;;;;;Elementary German II;Sigrit Schutz;L/D;MWF 11:00AM-11:50AM;CHAP 119
GERM-10-01;GERMAN;;;;;Adv Comp & Conversation;Heidi Gilpin;L/D;MWF 10:00AM-10:50AM;CONV 302
GERM-14-01;GERMAN;;;;;Adv Read/Convers/Styl II;Sigrit Schutz;L/D;MWF 10:00AM-10:50AM;CHAP 119
GERM-16-01;GERMAN;;;;;Cultural Hist from 1800;Ute Brandes;L/D;TTH 11:30AM-12:50PM;CHAP 119
GERM-34-01;GERMAN;;;;;German Culture 1945-1989;Ute Brandes;L/D;M 8:30AM-9:50AM;CHAP 210
GERM-34-01;GERMAN;;;;;German Culture 1945-1989;Ute Brandes;L/D;W 2:00PM-3:20PM;CHAP 119
GERM-47-01;GERMAN;;;;;Weimar Cinema;Christian Rogowski;L/D;TTH 10:00AM-11:20AM;CHAP 119
GERM-50-01;GERMAN;;;;;Rilke;Christian Rogowski;L/D;TTH 2:00PM-3:20PM;CHAP 119
GERM-64-01;GERMAN;;;;[x];Arch of Disappearance;Heidi Gilpin;L/D;MW 12:30PM-1:50PM;CONV 302
GREE-01-01;GREEK;;;;;Intro Greek Language;Dale Sinos;L/D;MWF 12:00PM-12:50PM;MCLS 428
GREE-12-01;GREEK;;;;;Plato's Apology;Frederick Griffiths;L/D;MWF 12:00PM-12:50PM;CHAP 204
GREE-18-01;GREEK;;;;;Intro to Greek Epic;Dale Sinos;L/D;MWF 11:00AM-11:50AM;MCLS 428
GREE-42-01;GREEK;;;;;Lyric Poetry;Frederick Griffiths;L/D;MF 2:00PM-3:20PM;CHAP 204
HIST-05-01;HISTORY;;;;;Britain Since 1815;Michal Shapira;L/D;TTH 10:00AM-11:20AM;CHAP 205
HIST-06-01;HISTORY;;;;[x];People & Cultur: Eurasia;Sergey Glebov;L/D;MW 2:00PM-3:20PM;CHAP 103
HIST-09-01;HISTORY;;;;;19th-Century America;Martha Saxton;L/D;TTH 11:30AM-12:50PM;BARR 102
HIST-16-01;HISTORY;;;;[x];Modern China;Jerry Dennerline;L/D;TTH 2:00PM-3:20PM;CHAP 203
HIST-18-01;HISTORY;;;;[x];Modern Japan;Trent Maxey;L/D;MWF 11:00AM-11:50AM;FAYE 117
HIST-24-01;HISTORY;[l];[p];;;WWII in Global Perspect;Catherine Epstein;LEC;MW 1:00PM-1:50PM;CONV 108
HIST-24-01;HISTORY;[l];[p];;;WWII in Global Perspect;Catherine Epstein;DIS;F 12:00PM-12:50PM;CHAP 101
HIST-24-02;HISTORY;[l];[p];;;WWII in Global Perspect;Trent Maxey;LEC;MW 1:00PM-1:50PM;CONV 108
HIST-24-02;HISTORY;[l];[p];;;WWII in Global Perspect;Trent Maxey;DIS;F 12:00PM-12:50PM;CHAP 201
HIST-24-03;HISTORY;[l];[p];;;WWII in Global Perspect;Catherine Epstein;LEC;MW 1:00PM-1:50PM;CONV 108
HIST-24-03;HISTORY;[l];[p];;;WWII in Global Perspect;Catherine Epstein;DIS;F 1:00PM-1:50PM;CHAP 101
HIST-24-04;HISTORY;[l];[p];;;WWII in Global Perspect;Trent Maxey;LEC;MW 1:00PM-1:50PM;CONV 108
HIST-24-04;HISTORY;[l];[p];;;WWII in Global Perspect;Trent Maxey;DIS;F 1:00PM-1:50PM;CHAP 201
HIST-24-05;HISTORY;[l];[p];;;WWII in Global Perspect;Kevin Sweeney;LEC;MW 1:00PM-1:50PM;CONV 108
HIST-24-05;HISTORY;[l];[p];;;WWII in Global Perspect;Kevin Sweeney;DIS;F 1:00PM-1:50PM;CHAP 203
HIST-26-01;HISTORY;;;;[x];Environ Issues 19th Cent;Edward Melillo;L/D;TTH 2:00PM-3:20PM;MERR 403
HIST-29-01;HISTORY;;;;;Reformatn Era: 1500-1660;Margaret Hunt;L/D;MW 12:30PM-1:50PM;CHAP 203
HIST-39-01;HISTORY;;;;;Native Amer Histories;Kevin Sweeney;L/D;TTH 10:00AM-11:20AM;MERR 3
HIST-56-01;HISTORY;;;;[x];Afro-Latin America;Lowell Gudmundson;L/D;MW 12:30PM-1:50PM;CONV 207
HIST-62-01;HISTORY;;;[c];[x];Women in Middle East;Monica Ringer;L/D;TTH 2:00PM-3:20PM;CONV 209
HIST-67-01;HISTORY;;;;;History of Science;John Servos;L/D;MW 8:30AM-9:50AM;CHAP 201
HIST-73-01;HISTORY;;;;;Spain/Pac Wld, 1571-1898;Edward Melillo;L/D;MW 2:00PM-3:20PM;CONV 308
HIST-76-01;HISTORY;;;[c];;Politics of Memory;Catherine Epstein;L/D;M 2:00PM-4:00PM;CHAP 203
HIST-82-01;HISTORY;;;[c];[x];Race & Educ Opportunity;Hilary Moss;L/D;W 2:00PM-4:30PM;WEBS 217
HIST-96-01;HISTORY;[l];;;;Madness to Prozac;Michal Shapira;L/D;T 2:00PM-4:00PM;CHAP 103
HIST-99-01;HISTORY;;;;;Writing the Past;John Servos;L/D;TTH 8:30AM-9:50AM;CHAP 203
JAPA-02-01;JAPANESE;;;;;Building Survival Skills;Ikumi Kayama & Wako Tawa;L/D;MW 9:00AM-9:50AM;WEBS 101
JAPA-02-02;JAPANESE;;;;;Building Survival Skills;Ikumi Kayama & Wako Tawa;L/D;MW 10:00AM-10:50AM;WEBS 101
JAPA-06-01;JAPANESE;;;;;Auth Japanese Materials;Kozue Miyama & Wako Tawa;L/D;TTH 1:00PM-1:50PM;WEBS 101
JAPA-06-02;JAPANESE;;;;;Auth Japanese Materials;Kozue Miyama & Wako Tawa;L/D;TTH 2:00PM-2:50PM;WEBS 101
JAPA-12-01;JAPANESE;;;;;Reading to Learn;Kozue Miyama & Wako Tawa;L/D;MW 12:30PM-1:50PM;WEBS 101
JAPA-14-01;JAPANESE;;;;;Thematic Read & Write;Brown & Yamamoto & Tawa;L/D;F 2:00PM-5:00PM;WEBS 101
JAPA-16-01;JAPANESE;;;;;Great Books and Films;K Yamamoto & Wako Tawa;L/D;F 2:00PM-5:00PM;WEBS 101
LATI-02-01;LATIN;;;;;Intermediate Latin;Christopher Trinacty;L/D;MWF 10:00AM-10:50AM;CHAP 103
LATI-16-01;LATIN;;;;;The Augustan Age;Luca Grillo;L/D;MWF 9:00AM-9:50AM;CHAP 204
LATI-42-01;LATIN;;;;;Plautus;Maureen Ryan;L/D;TTH 11:30AM-12:50PM;MCLS 428
LJST-03-01;LAW, JURISPRUDENCE AND SOCIAL THOUGHT;[l];;;;Legal Institutions;Lawrence Douglas;L/D;TTH 11:30AM-12:50PM;FAYE 115
LJST-10-01;LAW, JURISPRUDENCE AND SOCIAL THOUGHT;;;[c];;Intro to Legal Theory;Adam Sitze;L/D;TTH 8:30AM-9:50AM;FAYE 113
LJST-14-01;LAW, JURISPRUDENCE AND SOCIAL THOUGHT;[l];;;;(In)Equality;David Delaney;L/D;TTH 11:30AM-12:50PM;WEBS 217
LJST-21-01;LAW, JURISPRUDENCE AND SOCIAL THOUGHT;;;[c];;State & Accused;Lawrence Douglas;L/D;TTH 2:00PM-3:20PM;CHAP 201
LJST-26-01;LAW, JURISPRUDENCE AND SOCIAL THOUGHT;[l];;;;Critical Legal Geographies;David Delaney;L/D;MWF 10:00AM-10:50AM;CONV 209
LJST-29-01;LAW, JURISPRUDENCE AND SOCIAL THOUGHT;;;;;Natural Law;Ethan MacAdam;L/D;MW 2:00PM-3:20PM;CONV 302
LJST-32-01;LAW, JURISPRUDENCE AND SOCIAL THOUGHT;;;;;Silence and Justice;Ethan MacAdam;L/D;MWF 11:00AM-11:50AM;CONV 302
LJST-52-01;LAW, JURISPRUDENCE AND SOCIAL THOUGHT;;;[c];;Film, Myth & the Law;Austin Sarat;L/D;W 8:30AM-10:30AM;CLAR 100
LJST-54-01;LAW, JURISPRUDENCE AND SOCIAL THOUGHT;;;[c];;Neoliberal Legal Theory;Adam Sitze;L/D;W 2:00PM-4:30PM;OCTA 201
MATH-06-01;MATHEMATICS;;;;;Calculus W Elem Functns;John Condon;LEC;MWF 9:00AM-9:50AM;SMUD 206
MATH-06-01;MATHEMATICS;;;;;Calculus W Elem Functns;John Condon;LAB;TH 2:00PM-4:00PM;SMUD 205
MATH-11-01;MATHEMATICS;;;;;Intro to the Calculus;Danielle Benedetto;LEC;MWF 9:00AM-9:50AM;SMUD 204
MATH-11-01;MATHEMATICS;;;;;Intro to the Calculus;Danielle Benedetto;L/D;T 9:00AM-9:50AM;SMUD 204
MATH-12-01;MATHEMATICS;;;;;Intermediate Calculus;Danielle Benedetto;LEC;MWF 10:00AM-10:50AM;SMUD 204
MATH-12-01;MATHEMATICS;;;;;Intermediate Calculus;Danielle Benedetto;L/D;T 1:00PM-1:50PM;SMUD 204
MATH-12-02;MATHEMATICS;;;;;Intermediate Calculus;Amy Wagaman;LEC;MWF 1:00PM-1:50PM;SMUD 205
MATH-12-02;MATHEMATICS;;;;;Intermediate Calculus;Amy Wagaman;L/D;TH 9:00AM-9:50AM;SMUD 205
MATH-13-01;MATHEMATICS;;;;;Multivariable Calculus;Benjamin Hutz;LEC;MWF 11:00AM-11:50AM;SMUD 205
MATH-13-01;MATHEMATICS;;;;;Multivariable Calculus;Benjamin Hutz;L/D;T 1:00PM-1:50PM;SMUD 205
MATH-15-01;MATHEMATICS;;;;;Discrete Mathematics;Daniel Velleman;LEC;MWF 1:00PM-1:50PM;SMUD 204
MATH-15-01;MATHEMATICS;;;;;Discrete Mathematics;Daniel Velleman;L/D;TH 1:00PM-1:50PM;SMUD 204
MATH-17-01;MATHEMATICS;;;[c];;Intro to Statistics;Shu-Min Liao;LEC;MW 11:00AM-11:50AM;SMUD 207
MATH-17-01;MATHEMATICS;;;[c];;Intro to Statistics;Shu-Min Liao;LAB;T 1:00PM-3:00PM;SMUD 014
MATH-17-02;MATHEMATICS;;;[c];[x];Intro to Statistics;Amy Wagaman;LEC;MW 10:00AM-10:50AM;SMUD 207
MATH-17-02;MATHEMATICS;;;[c];[x];Intro to Statistics;Amy Wagaman;LAB;TH 1:00PM-3:00PM;SMUD 014
MATH-18-01;MATHEMATICS;;;;;Regression Modeling;Shu-Min Liao;LEC;MW 9:00AM-9:50AM;SMUD 207
MATH-18-01;MATHEMATICS;;;;;Regression Modeling;Shu-Min Liao;LAB;TF 9:00AM-9:50AM;SMUD 014
MATH-22-01;MATHEMATICS;;;;;Linear Algebra W Applicat;Tanya Leise;LEC;MWF 9:00AM-9:50AM;SMUD 205
MATH-22-01;MATHEMATICS;;;;;Linear Algebra W Applicat;Tanya Leise;LAB;TH 9:00AM-9:50AM;SMUD 014
MATH-26-01;MATHEMATICS;;;;;Groups, Rings and Fields;John Condon;LEC;MWF 11:00AM-11:50AM;SMUD 206
MATH-26-01;MATHEMATICS;;;;;Groups, Rings and Fields;John Condon;L/D;TH 9:00AM-9:50AM;SMUD 206
MATH-28-01;MATHEMATICS;;;;;Intro to Analysis;Benjamin Hutz;LEC;MWF 10:00AM-10:50AM;SMUD 206
MATH-28-01;MATHEMATICS;;;;;Intro to Analysis;Benjamin Hutz;L/D;T 9:00AM-9:50AM;SMUD 207
MATH-42-01;MATHEMATICS;;;;;Functions Real Variable;Tanya Leise;LEC;MWF 1:00PM-1:50PM;SMUD 203
MATH-42-01;MATHEMATICS;;;;;Functions Real Variable;Tanya Leise;L/D;TH 1:00PM-1:50PM;SMUD 203
MELL-16-01;MELLON SEMINAR;[l];;;;Numbers Rule the World;Jerome Himmelstein;L/D;TTH 11:30AM-12:50PM;CHAP 205
MUSI-08-01;MUSIC;[l];;;[x];The Blues Muse;Jason Robinson;L/D;TTH 8:30AM-9:50AM;ARMU 212
MUSI-10-01;MUSIC;;[p];;;Performance & Analysis II;Jenny Kallick;L/D;MW 4:00PM-6:00PM;ARMU 212
MUSI-10H-01;MUSIC;;[p];;;Performance & Analysis II;Jenny Kallick;L/D;MW 4:00PM-6:00PM;ARMU 212
MUSI-11-01;MUSIC;;;[c];;Introduction to Music;Klara Moricz;L/D;MWF 1:00PM-1:50PM;ARMU 212
MUSI-12-01;MUSIC;;;;;Exploring Music;David Schneider;L/D;MWF 11:00AM-11:50AM;ARMU 212
MUSI-18-01;MUSIC;;[p];;;Creating Musical Drama;Jenny Kallick;L/D;MF 8:30AM-11:00AM;ARMU 212
MUSI-22-01;MUSIC;;;;;Music & Culture II;David Schneider;L/D;TTH 2:00PM-3:20PM;ARMU 212
MUSI-31-01;MUSIC;;;;;Harmony & Countrpoint I;Eric Wubbels;L/D;TTH 11:30AM-12:50PM;ARMU 102
MUSI-32-01;MUSIC;;;;;Form in Tonal Music;Eric Sawyer;L/D;TTH 10:00AM-11:20AM;ARMU 212
MUSI-33-01;MUSIC;;;;;Repertoire & Analysis;Klara Moricz;L/D;TTH 10:00AM-11:20AM;ARMU 102
MUSI-36-01;MUSIC;[l];;;;Jazz Theory & Improvs II;Bruce Diehl;L/D;MW 2:00PM-3:20PM;ARMU 7
MUSI-48-01;MUSIC;[l];;;;Popular Music/Cultural Ident;Jason Robinson;L/D;TTH 11:30AM-12:50PM;ARMU 212
MUSI-65-01;MUSIC;[l];;;;Electroacoustic Compos;Eric Sawyer;L/D;MW 12:30PM-1:50PM;ARMU 217
MUSI-72-01;MUSIC;;;;;Composition Seminar II;Eric Wubbels;L/D;F 2:00PM-4:00PM;ARMU 102
NEUR-26-02;NEUROSCIENCE;;;[c];[x];Intro Neuroscience;S George & S Turgeon;LEC;MWF 10:00AM-10:50AM;MERR 3
NEUR-26-02;NEUROSCIENCE;;;[c];[x];Intro Neuroscience;S George & S Turgeon;LAB;T 2:00PM-5:00PM;MCLS 145
NEUR-26-03;NEUROSCIENCE;;;[c];[x];Intro Neuroscience;S George & S Turgeon;LEC;MWF 10:00AM-10:50AM;MERR 3
NEUR-26-03;NEUROSCIENCE;;;[c];[x];Intro Neuroscience;S George & S Turgeon;LAB;W 2:00PM-5:00PM;MCLS 145
PHIL-11-01;PHILOSOPHY;;;[c];;Intro to Philosophy;Thomas Kearns;L/D;TTH 10:00AM-11:20AM;CONV 207
PHIL-11-02;PHILOSOPHY;;;[c];;Intro to Philosophy;Thomas Kearns;L/D;TTH 2:00PM-3:20PM;WEBS 217
PHIL-18-01;PHILOSOPHY;[l];;;;Early Modern Philosophy;Robert Sleigh;L/D;MWF 10:00AM-10:50AM;ESNH 107
PHIL-20-01;PHILOSOPHY;[l];;;;Paradoxes;Alexander George;L/D;TTH 10:00AM-11:20AM;BARR 102
PHIL-29-01;PHILOSOPHY;;;[c];[x];Problem of Evil;Andrew Dole;L/D;MW 2:00PM-3:20PM;CHAP 101
PHIL-34-01;PHILOSOPHY;[l];;;;Normative Ethics;Nishiten Shah;L/D;TTH 10:00AM-11:20AM;CONV 304
PHIL-51-01;PHILOSOPHY;[l];;;;Freedom & Responsibility;Nishiten Shah;L/D;TTH 2:00PM-3:20PM;COOP 201
PHIL-63-01;PHILOSOPHY;[l];;;;The Later Wittgenstein;Alexander George;L/D;W 2:00PM-4:30PM;COOP 201
PHYS-09-01;PHYSICS;[l];;;;Energy;Larry Hunter;L/D;TTH 10:00AM-11:20AM;MERR 314
PHYS-14-01;PHYSICS;;;;;Relativity & Quantum Phys;Kannan Jagannathan;L/D;MWF 11:00AM-11:50AM;MERR 3
PHYS-16-04;PHYSICS;;[p];;;Mechanics & Wave Motion;N Darnton & K Jagannathan;LEC;MWF 9:00AM-9:50AM;MERR 1
PHYS-16-04;PHYSICS;;[p];;;Mechanics & Wave Motion;N Darnton & K Jagannathan;LAB;TH 1:00PM-4:00PM;MERR 200
PHYS-16-05;PHYSICS;;[p];;;Mechanics & Wave Motion;N Darnton & K Jagannathan;LEC;MWF 9:00AM-9:50AM;MERR 1
PHYS-16-05;PHYSICS;;[p];;;Mechanics & Wave Motion;N Darnton & K Jagannathan;LAB;F 1:00PM-4:00PM;MERR 200
PHYS-17-01;PHYSICS;;;;;Electromagnetsm & Optics;J Friedman & W Loinaz;LEC;MWF 12:00PM-12:50PM;MERR 3
PHYS-17-01;PHYSICS;;;;;Electromagnetsm & Optics;J Friedman & W Loinaz;LAB;M 2:00PM-5:00PM;MERR 208
PHYS-17-02;PHYSICS;;;;;Electromagnetsm & Optics;J Friedman & W Loinaz;LEC;MWF 12:00PM-12:50PM;MERR 3
PHYS-17-02;PHYSICS;;;;;Electromagnetsm & Optics;J Friedman & W Loinaz;LAB;T 2:00PM-5:00PM;MERR 208
PHYS-24-01;PHYSICS;;;;;Maxwellian Synthesis;David Hall;LEC;MWF 12:00PM-12:50PM;MERR 211
PHYS-24-01;PHYSICS;;;;;Maxwellian Synthesis;David Hall;DIS;TH 1:00PM-1:50PM;MERR 211
PHYS-24-01;PHYSICS;;;;;Maxwellian Synthesis;David Hall;LAB;W 2:00PM-5:00PM;MERR 208
PHYS-26-01;PHYSICS;;;;;Intermed Lab;Larry Hunter & J Friedman;L/D;T 2:00PM-6:00PM;MERR 211
PHYS-30-01;PHYSICS;;;;;Stat Mech & Thermodynam;Nicholas Darnton;L/D;MWF 1:00PM-1:50PM;MERR 211
PHYS-48-01;PHYSICS;;;;;Quantum Mechanics;William Loinaz;L/D;TTH 10:00AM-11:20AM;MERR 204
POSC-01-01;POLITICAL SCIENCE;;;[c];;Political Identities;Amrita Basu;L/D;TTH 11:30AM-12:50PM;CONV 207
POSC-13-01;POLITICAL SCIENCE;[l];[p];;;World Politics;Pavel Machala;L/D;TTH 10:00AM-11:20AM;FAYE 115
POSC-24-01;POLITICAL SCIENCE;;;;[x];Human Rights Activism;Amrita Basu & Martha Saxton;L/D;TTH 2:00PM-3:20PM;FAYE 115
POSC-29-01;POLITICAL SCIENCE;;;;[x];Women & Polit in Africa;Catharine Newbury;L/D;MW 2:00PM-3:20PM;CHAP 201
POSC-31-01;POLITICAL SCIENCE;;;[c];;East Asian Security;Jonathan Chow;L/D;MW 12:30PM-1:50PM;CONV 209
POSC-32-01;POLITICAL SCIENCE;;;;;Polit Econ of Devt;Javier Corrales;L/D;TTH 8:30AM-9:50AM;MERR 2
POSC-48-01;POLITICAL SCIENCE;;;[c];;Cuba: Politcs of Extrmsm;Javier Corrales;L/D;TTH 2:00PM-3:20PM;ESNH 107
POSC-54-01;POLITICAL SCIENCE;[l];;[c];;Political Theory of Home;Thomas Dumm;L/D;MW 8:30AM-9:50AM;CONV 209
POSC-56-01;POLITICAL SCIENCE;[l];[p];;;Regulating Citizenship;Kristin Bumiller;L/D;W 1:20PM-5:30PM;TBA
POSC-60-01;POLITICAL SCIENCE;;;[c];;Punshmt/Politics/Culture;Austin Sarat;L/D;W 2:00PM-4:00PM;CLAR 100
POSC-72-01;POLITICAL SCIENCE;[l];;[c];[x];20th Cent Cult & Polit;Ronald Tiersky;L/D;MW 2:00PM-3:20PM;CONV 209
POSC-75-01;POLITICAL SCIENCE;[l];[p];;;International Politics;William Taubman;L/D;T 2:00PM-4:30PM;CONV 302
POSC-76-01;POLITICAL SCIENCE;[l];;;;Modern Social Theory;Uday Mehta;L/D;W 2:00PM-4:30PM;FAYE 113
POSC-79-01;POLITICAL SCIENCE;[l];;;;Seminar in War and Peace;Ronald Tiersky;L/D;TTH 11:30AM-12:50PM;CONV 209
POSC-80-01;POLITICAL SCIENCE;;;[c];;Contemp Political Theory;Thomas Dumm;L/D;M 2:00PM-4:30PM;CLAR 100
POSC-85-01;POLITICAL SCIENCE;[l];[p];;[x];States of Poverty;Kristin Bumiller;L/D;T 2:00PM-4:30PM;FAYE 217A
POSC-95-01;POLITICAL SCIENCE;[l];;;[x];Gandhi and King;J Ferguson & U Mehta;L/D;T 2:00PM-4:30PM;COOP 101
PSYC-12-01;PSYCHOLOGY;[l];;;;Biological Psych;Sarah Turgeon;L/D;MWF 11:00AM-11:50AM;MERR 4
PSYC-20-01;PSYCHOLOGY;;;[c];;Social Psychology;Catherine Sanderson;L/D;TTH 8:30AM-9:50AM;MERR 4
PSYC-22-01;PSYCHOLOGY;;;[c];;Statis & Expermnt Design;Piercarlo Valdesolo;L/D;TTH 11:30AM-12:50PM;MERR 131
PSYC-26-02;PSYCHOLOGY;;;[c];[x];Intro Neuroscience;S George & S Turgeon;LEC;MWF 10:00AM-10:50AM;MERR 3
PSYC-26-02;PSYCHOLOGY;;;[c];[x];Intro Neuroscience;S George & S Turgeon;LAB;T 2:00PM-5:00PM;MCLS 145
PSYC-26-03;PSYCHOLOGY;;;[c];[x];Intro Neuroscience;S George & S Turgeon;LEC;MWF 10:00AM-10:50AM;MERR 3
PSYC-26-03;PSYCHOLOGY;;;[c];[x];Intro Neuroscience;S George & S Turgeon;LAB;W 2:00PM-5:00PM;MCLS 145
PSYC-27-01;PSYCHOLOGY;;;[c];;Developmental Psychology;Rose Olver;L/D;MWF 9:00AM-9:50AM;MERR 315
PSYC-32-01;PSYCHOLOGY;;;[c];;Psych of Adolescence;Elizabeth Aries;L/D;TTH 10:00AM-11:20AM;MERR 315
PSYC-34-01;PSYCHOLOGY;[l];[p];;;Memory;Matthew Schulkind;L/D;TTH 10:00AM-11:20AM;MERR 4
PSYC-54-01;PSYCHOLOGY;;[p];[c];;Close Relationships;Catherine Sanderson;L/D;T 1:00PM-3:30PM;MERR 315
PSYC-57-01;PSYCHOLOGY;[l];[p];;;Hist of Psychiatry;Lisa Raskin;L/D;T 2:00PM-4:30PM;MCLS 428
PSYC-60-01;PSYCHOLOGY;;;[c];;Devt Psychobiology;Lisa Raskin;L/D;TH 2:00PM-4:30PM;MCLS 428
PSYC-66-01;PSYCHOLOGY;[l];[p];;;Music Cognition;Matthew Schulkind;L/D;TH 2:00PM-4:30PM;MERR 315
RELI-15-01;RELIGION;;;;;Religion in Contemp Fiction;Jody Shapiro;L/D;MW 2:00PM-3:20PM;WEBS 220
RELI-16-01;RELIGION;;;;;Christianity Global Relig;David Wills;L/D;MWF 11:00AM-11:50AM;CHAP 103
RELI-19-01;RELIGION;;;;;Religion in U.S.;David Wills;L/D;TTH 11:30AM-12:50PM;CHAP 204
RELI-24-01;RELIGION;;;;;Muhammad;Tariq Jaffer;L/D;TTH 10:00AM-11:20AM;FAYE 217A
RELI-27-01;RELIGION;;;;[x];Buddhist Ethics;Maria Heim;L/D;MW 12:30PM-1:50PM;WEBS 220
RELI-46-01;RELIGION;;;;;Inquisition;Scott Sessions;L/D;T 2:00PM-4:30PM;CHAP 210
RELI-51-01;RELIGION;;;[c];[x];Problem of Evil;Andrew Dole;L/D;MW 2:00PM-3:20PM;CHAP 101
RELI-53-01;RELIGION;;;;[x];Islamic Mystical Tradition;Tariq Jaffer;L/D;TH 2:00PM-4:30PM;CHAP 210
RELI-63-01;RELIGION;;;;;Suspicion and Religion;Andrew Dole;L/D;TTH 10:00AM-11:20AM;CLAR 100
RELI-64-01;RELIGION;;;;;Nature of Religion;Maria Heim;L/D;T 2:00PM-4:30PM;OCTA 201
RUSS-02-01;RUSSIAN;;;;;First-Year Russian II;Jane Taubman;L/D;MTWTHF 10:00AM-10:50AM;WEBS 219
RUSS-02-02;RUSSIAN;;;;;First-Year Russian II;Amanda Walling;L/D;MTWTHF 1:00PM-1:50PM;BARR 105
RUSS-04-01;RUSSIAN;;;;;Second-Year Russian II;B Wolfson & T Babyonyshev;L/D;MTWTHF 9:00AM-9:50AM;WEBS 219
RUSS-12-01;RUSSIAN;;;;;Third-Year Russian II;S Rabinowitz & T Babyonyshev;L/D;MWF 10:00AM-10:50AM;WEBS 215
RUSS-14H-01;RUSSIAN;;;;;Adv Conversation & Comp;Tatyana Babyonyshev;L/D;TTH 1:00PM-2:00PM;WEBS  219
RUSS-20-01;RUSSIAN;;;;[x];People & Cultur: Eurasia;Sergey Glebov;L/D;MW 2:00PM-3:20PM;CHAP 103
RUSS-22-01;RUSSIAN;;;;;Survey Russian Lit II;Stanley Rabinowitz;L/D;MWF 12:00PM-12:50PM;CONV 108
RUSS-28-01;RUSSIAN;;;[c];;Tolstoy;Boris Wolfson;L/D;TTH 11:30AM-12:50PM;MERR 401
RUSS-34-01;RUSSIAN;;;;[x];Birth of the Avant-Garde;C Ciepiela & L Katsaros;L/D;TTH 10:00AM-11:20AM;FAYE 117
SOCI-12-01;SOCIOLOGY;;;[c];;An Intro to Sociology;Ronald Lembo;L/D;TTH 10:00AM-11:20AM;CHAP 203
SOCI-16-01;SOCIOLOGY;;;[c];;Social Research;Jerome Himmelstein;L/D;MW 2:00PM-3:20PM;MERR 315
SOCI-32-01;SOCIOLOGY;[l];;[c];;Cultural Difference;Ronald Lembo;L/D;T 2:00PM-4:30PM;CONV 308
SOCI-35-01;SOCIOLOGY;;;[c];;Borderlands & Barrios;Carleen Basler;L/D;T 2:00PM-4:30PM;CHAP 101
SOCI-38-01;SOCIOLOGY;;;[c];[x];Race and Races;Carleen Basler;L/D;TH 2:00PM-4:30PM;CHAP 101
SOCI-40-01;SOCIOLOGY;[l];;;;Social Constr of Nature;Jan Dizard;L/D;MW 2:00PM-3:20PM;FAYE 117
SOCI-42-01;SOCIOLOGY;[l];;;;Commons Rising;David Bollier;L/D;W 2:00PM-4:30PM;CHAP 203
SPAN-01-01;SPANISH;[l];;;;Elementary Spanish;Glenda Nieto Cuebas & M Maillo;L/D;MWF 10:00AM-10:50AM;BARR 102
SPAN-01-02;SPANISH;[l];;;;Elementary Spanish;Glenda Nieto Cuebas & M Maillo;L/D;MWF 11:00AM-11:50AM;BARR 102
SPAN-03-01;SPANISH;[l];;;;Intermediate Spanish;Prospero Garcia & Maria Maillo;L/D;MWF 10:00AM-10:50AM;BARR 105
SPAN-03-02;SPANISH;[l];;;;Intermediate Spanish;Prospero Garcia & Maria Maillo;L/D;MWF 11:00AM-11:50AM;BARR 105
SPAN-03-03;SPANISH;[l];;;;Intermediate Spanish;Patricia Ferrer & Maria Maillo;L/D;MWF 9:00AM-9:50AM;MERR 314
SPAN-05-01;SPANISH;[l];;;;Advanced Spanish;Maria Maillo;L/D;MWF 10:00AM-10:50AM;CHAP 205
SPAN-05-02;SPANISH;[l];;;;Advanced Spanish;Maria Maillo;L/D;MWF 11:00AM-11:50AM;CHAP 205
SPAN-06-01;SPANISH;[l];;;;Spanish Conversation;Patricia Ferrer & Maria Maillo;L/D;MWF 10:00AM-10:50AM;MERR 314
SPAN-06-02;SPANISH;[l];;;;Spanish Conversation;Patricia Ferrer & Maria Maillo;L/D;MWF 11:00AM-11:50AM;MERR 314
SPAN-07-01;SPANISH;[l];;;;Adv Spanish Composition;Prospero Garcia & Maria Maillo;L/D;MWF 9:00AM-9:50AM;BARR 105
SPAN-09-01;SPANISH;[l];;;;Span for Heritage Speakers;Glenda Nieto Cuebas & MMaillo;L/D;MWF 9:00AM-9:50AM;BARR 102
SPAN-11-01;SPANISH;[l];;;;Readings in Hispanic Lit;Sara Brenneis;L/D;MW 2:00PM-3:20PM;BARR 105
SPAN-12-01;SPANISH;[l];;;;Hispanic World;Maria Maillo;L/D;MW 12:30PM-1:50PM;CHAP 205
SPAN-16-01;SPANISH;[l];;;;Intro Spanish Literature;James Maraniss;L/D;MWF 10:00AM-10:50AM;CHAP 203
SPAN-33-01;SPANISH;;;[c];;Spanish Film;James Maraniss;L/D;TTH 11:30AM-12:50PM;FAYE 113
SPAN-89-01;SPANISH;;;;;Postwar Spain & the Novel;Sara Brenneis;L/D;MWF 11:00AM-11:50AM;CHAP 210
SPAN-92-01;SPANISH;[l];;;;Latin Am Short Story;Ilan Stavchansky;L/D;TTH 10:00AM-11:20AM;ESNH 107
THDA-13-01;THEATER AND DANCE;;;;;Action & Character;Peter Lobdell;L/D;MWF 2:00PM-4:00PM;WEBS 122
THDA-20-01;THEATER AND DANCE;;;;;Contemporary Performance;Michael Birtwistle;L/D;TTH 10:00AM-11:20AM;WEBS 217
THDA-30H-01;THEATER AND DANCE;;;;;Cntmp Dance/Ballet II/III;Thomas Vacanti;L/D;TTH 11:30AM-12:50PM;WEBS 117
THDA-30H-02;THEATER AND DANCE;;;;;Contmp Dance:Mod IV/V;Cynthia McLaughlin;L/D;MW 4:00PM-5:30PM;WEBS 117
THDA-31-01;THEATER AND DANCE;[l];;;;Playwriting I;Constance Congdon;L/D;TTH 11:30AM-12:50PM;WEBS 19
THDA-31-02;THEATER AND DANCE;[l];;;;Playwriting I;Constance Congdon;L/D;TTH 2:00PM-3:20PM;WEBS 19
THDA-35-01;THEATER AND DANCE;[l];;;;Scripts and Scores;Wendy Woodson;L/D;TTH 2:00PM-4:00PM;WEBS 117
THDA-37-01;THEATER AND DANCE;;;;;The Actor's Instrument;Peter Lobdell;L/D;TTH 1:00PM-4:00PM;WEBS 122
THDA-46-01;THEATER AND DANCE;[l];;;;Sound Design I;Robert Kaplowitz;L/D;M 2:00PM-5:00PM;SMUD 002
THDA-48-01;THEATER AND DANCE;;;;;Directing Comedy;Michael Birtwistle;L/D;MW 2:00PM-4:00PM;WEBS 19
THDA-61-01;THEATER AND DANCE;[l];;;;Playwriting Studio;Constance Congdon;L/D;F 2:00PM-4:00PM;WEBS 19
THDA-63-01;THEATER AND DANCE;;;;;Scene Design II;Katherine O'Neill;L/D;TBD;WEBS 8
THDA-64-01;THEATER AND DANCE;;;;;Design Studio;Katherine O'Neill;L/D;TBD;WEBS 8
THDA-76H-01;THEATER AND DANCE;;[p];;;Production Studio;Wendy Woodson;L/D;TBD;TBA
THDA-96-01;THEATER AND DANCE;[l];[p];;[x];Prod Semnar: Movng Image;Baba Hillman & W Woodson;L/D;W 1:00PM-4:00PM;WEBS 117
WAGS-04-01;WOMEN'S AND GENDER STUDIES;;;;;Political Econ of Gender;Manuela Picq;L/D;W 2:00PM-4:30PM;MERR 401
WAGS-07-01;WOMEN'S AND GENDER STUDIES;[l];;;;Gender and Environment;Manuela Picq;L/D;TTH 11:30AM-12:50PM;CLAR 100
WAGS-24-01;WOMEN'S AND GENDER STUDIES;;[p];;;Gender Labor;Michele Barale & Rose Olver;L/D;MW 12:30PM-1:50PM;MERR 315
WAGS-26-01;WOMEN'S AND GENDER STUDIES;;;;;Women & the Law;Margaret Hunt;L/D;TTH 10:00AM-11:20AM;CONV 209
WAGS-31-01;WOMEN'S AND GENDER STUDIES;;;[c];;Queer Canons;Frederick Griffiths;L/D;TTH 10:00AM-11:20AM;CHAP 204
WAGS-32-01;WOMEN'S AND GENDER STUDIES;;;;[x];Human Rights Activism;Amrita Basu & Martha Saxton;L/D;TTH 2:00PM-3:20PM;FAYE 115
WAGS-55-01;WOMEN'S AND GENDER STUDIES;;;;[x];Medieval Love/Sex/Marriage;Amanda Walling;L/D;MWF 10:00AM-10:50AM;MERR 315
WAGS-61-01;WOMEN'S AND GENDER STUDIES;;;;[x];Women & Polit in Africa;Catharine Newbury;L/D;MW 2:00PM-3:20PM;CHAP 201
WAGS-62-01;WOMEN'S AND GENDER STUDIES;;;[c];[x];Women in Middle East;Monica Ringer;L/D;TTH 2:00PM-3:20PM;CONV 209
WAGS-85-01;WOMEN'S AND GENDER STUDIES;[l];[p];;[x];States of Poverty;Kristin Bumiller;L/D;T 2:00PM-4:30PM;FAYE 217A
