AMST-120-01;Writing Ourselves;;Kiara Vigil;L/D;TTH 10:00AM-11:20AM;11
AMST-221-01;Building Community;;Margaret Mead  Karen Sanchez-Eppler;L/D;MW 08:30AM-09:50AM;28
AMST-221-01;Building Community;;Margaret Mead  Karen Sanchez-Eppler;L/D;MW 08:30AM-09:50AM;28
AMST-320-01;Red/Black Literature;;Kiara Vigil;L/D;T 02:30PM-04:50PM;11
AMST-360-01;Public Art;AMST-360-01,ARHA-360-01;Carol Clark;L/D;MW 12:30PM-01:50PM;16
AMST-468-01;Resrch Methods: Amer Culture;;Robert Hayashi;L/D;W 02:00PM-05:00PM;5
ANTH-113-01;Evolution +ACY- Culture;;Miriam Goheen;L/D;MW 12:30PM-01:50PM;55
ANTH-218-01;Transnat'l Migration;;Vanessa Fong;L/D;MF 12:30PM-01:50PM;4
ANTH-220-01;Collecting the Past;;Elizabeth Klarich;L/D;TTH 02:30PM-03:50PM;15
ANTH-236-01;Ethnography/Latin Americ;;Ana Araujo;L/D;TTH 10:00AM-11:20AM;5
ANTH-241-01;Visual Anthropology;;Deborah Gewertz;L/D;TTH 02:30PM-03:50PM;24
ANTH-253-01;Muslim Lives in S. Asia;ANTH-253-01,ASLC-270-01;Nusrat Chowdhury;L/D;MW 02:00PM-03:20PM;10
ANTH-318-01;Chinese Childrearing;ANTH-318-01,ASLC-318-01;Vanessa Fong;L/D;F 02:00PM-04:30PM;10
ANTH-323-01;Hist Anthropolog Theory;;Deborah Gewertz;L/D;TTH 10:00AM-11:20AM;10
ANTH-332-01;Contemp Anthropology;;Nusrat Chowdhury;L/D;T 02:30PM-05:00PM;10
ANTH-340-01;Anthro of Development;;Ana Araujo;L/D;MW 02:00PM-03:20PM;12
ANTH-343-01;Econ Anthr +ACY- Soc Theory;;Miriam Goheen;L/D;T 02:30PM-05:00PM;28
ARAB-102-01;First-Year Arabic II;;Mohamed Hassan;L/D;MTWTHF 09:00AM-09:50AM;10
ARAB-202-01;Second-Year Arabic II;;Mohamed Hassan;L/D;MTWTHF 10:00AM-10:50AM;12
ARAB-402-01;Fourth-Year Arabic II;;Mohamed Hassan;L/D;MW 12:30PM-01:50PM;9
ARCH-216-01;Intermediate Arch Design;EUST-216-01,ARHA-216-01,ARCH-216-01;Thom Long;L/D;MW 09:00AM-11:30AM;13
ARCH-271-01;Modern Architecture;ARHA-271-01,ARCH-271-01,EUST-271-01;Jeffrey Saletnik;L/D;TTH 01:00PM-02:20PM;19
ARCH-280-01;Cathedral/Crown/City;ARHA-280-01,ARCH-280-01;Michael Davis;L/D;MW 08:30AM-09:50AM;21
ARCH-368-01;SPACE;GERM-368-01,EUST-368-01,FAMS-373-01,ARCH-368-01;Heidi Gilpin;L/D;W 12:00PM-03:00PM;11
ARHA-102-01;The Practice of Art;;David Gloman;L/D;MW 09:00AM-11:00AM;26
ARHA-111-01;Drawing I;;David Gloman;L/D;MW 01:00PM-04:00PM;20
ARHA-137-01;Amer Art/Arch 1600-Present;;Carol Clark;L/D;TTH 10:00AM-11:20AM;35
ARHA-146-01;Realm of Dreams;ARHA-146-01,EUST-146-01,WAGS-113-01;Natasha Staller;L/D;TTH 10:00AM-11:20AM;19
ARHA-148-01;Arts of Japan;ARHA-148-01,ASLC-123-01;Samuel Morse;L/D;MWF 09:00AM-09:50AM;23
ARHA-149-01;Survey of African Art;ARHA-149-01,BLST-123-01;Rowland Abiodun;L/D;MW 08:30AM-09:50AM;7
ARHA-213-01;Printmaking I;;Betsey Garand;L/D;TTH 01:00PM-04:00PM;11
ARHA-214-01;Sculpture I;;Carol Keller;L/D;MW 01:00PM-04:00PM;11
ARHA-216-01;Intermediate Arch Design;EUST-216-01,ARHA-216-01,ARCH-216-01;Thom Long;L/D;MW 09:00AM-11:30AM;13
ARHA-218-01;Photography I;;Justin Kimball;L/D;TTH 01:00PM-04:00PM;16
ARHA-226-01;Time-Based Media;;Rebecca Tolley;L/D;MW 01:00PM-04:00PM;9
ARHA-255-01;Michelangelo;ARHA-255-01,EUST-255-01;Ralph Lieberman;L/D;TTH 11:30AM-12:50PM;17
ARHA-261-01;Buddhist Art of Asia;ARHA-261-01,ASLC-260-01;Samuel Morse;L/D;MWF 11:00AM-11:50AM;17
ARHA-267-01;Arts of the Book;ARHA-267-01,ASLC-267-01;Yael Rice;L/D;MW 02:00PM-03:20PM;6
ARHA-271-01;Modern Architecture;ARHA-271-01,ARCH-271-01,EUST-271-01;Jeffrey Saletnik;L/D;TTH 01:00PM-02:20PM;19
ARHA-272-01;Foundations/Integrations;ENGL-281-01,ARHA-272-01,FAMS-220-01;Amelie Hastie  Christopher Johnson;L/D;T 01:00PM-04:00PM;9
ARHA-272-01;Foundations/Integrations;ENGL-281-01,ARHA-272-01,FAMS-220-01;Amelie Hastie  Christopher Johnson;L/D;T 01:00PM-04:00PM;9
ARHA-280-01;Cathedral/Crown/City;ARHA-280-01,ARCH-280-01;Michael Davis;L/D;MW 08:30AM-09:50AM;21
ARHA-323-01;Adv Studio Seminar;;Robert Sweeney;L/D;TTH 09:00AM-11:00AM;5
ARHA-324-01;Sculpture II;;Carol Keller;L/D;MW 09:00AM-12:00PM;6
ARHA-326-01;Painting II;;Robert Sweeney;L/D;TTH 01:00PM-04:00PM;10
ARHA-327-01;Printmaking II;;Betsey Garand;L/D;TTH 09:00AM-11:00AM;9
ARHA-328-01;Photography II;;Justin Kimball;L/D;TTH 09:00AM-11:00AM;9
ARHA-353-01;Myth/Ritual West Africa;BLST-315-01,ARHA-353-01;Rowland Abiodun;L/D;MW 12:30PM-01:50PM;3
ARHA-360-01;Public Art;AMST-360-01,ARHA-360-01;Carol Clark;L/D;MW 12:30PM-01:50PM;16
ARHA-412-01;The Sixties;;Natasha Staller;L/D;T 01:00PM-03:30PM;15
ASLC-123-01;Arts of Japan;ARHA-148-01,ASLC-123-01;Samuel Morse;L/D;MWF 09:00AM-09:50AM;23
ASLC-146-01;Modern China;HIST-172-01,ASLC-146-01;Jerry Dennerline;L/D;TTH 10:00AM-11:20AM;40
ASLC-148-01;Middle East 1800-Present;HIST-191-01,ASLC-148-01;Monica Ringer;L/D;TTH 08:30AM-09:50AM;36
ASLC-174-01;Modern South Asian Hist;HIST-174-01,ASLC-174-01;Dwaipayan Sen;L/D;MW 02:00PM-03:20PM;34
ASLC-233-01;Mod +ACY- Contemp Japan Lit;;Timothy Van Compernolle;L/D;MW 12:30PM-01:50PM;5
ASLC-234-01;Japan on Screen;ASLC-234-01,FAMS-320-01;Timothy Van Compernolle;L/D;TTH 02:30PM-03:50PM;9
ASLC-254-01;Reading Buddhist Texts;RELI-254-01,ASLC-254-01;Andrew Olendzki;L/D;T 02:30PM-05:00PM;22
ASLC-260-01;Buddhist Art of Asia;ARHA-261-01,ASLC-260-01;Samuel Morse;L/D;MWF 11:00AM-11:50AM;17
ASLC-267-01;Arts of the Book;ARHA-267-01,ASLC-267-01;Yael Rice;L/D;MW 02:00PM-03:20PM;6
ASLC-270-01;Muslim Lives in S. Asia;ANTH-253-01,ASLC-270-01;Nusrat Chowdhury;L/D;MW 02:00PM-03:20PM;10
ASLC-282-01;Muhammad and the Qur'an;RELI-282-01,ASLC-282-01;Tariq Jaffer;L/D;TTH 11:30AM-12:50PM;21
ASLC-318-01;Chinese Childrearing;ANTH-318-01,ASLC-318-01;Vanessa Fong;L/D;F 02:00PM-04:30PM;10
ASLC-326-01;Enlightening Passion;ASLC-326-01,WAGS-326-01,RELI-326-01;Paola Zamperini;L/D;MW 12:30PM-01:50PM;5
ASLC-355-01;Early Islam;HIST-393-01,ASLC-355-01;Monica Ringer;L/D;TTH 11:30AM-12:50PM;11
ASLC-356-01;Islamic Mystic Tradition;RELI-385-01,ASLC-356-01;Tariq Jaffer;L/D;TH 02:30PM-04:30PM;9
ASLC-366-01;Novel in Pre-Mod China;;Paola Zamperini;L/D;TTH 11:30AM-12:50PM;11
ASLC-470-01;China: People and State;HIST-478-01,ASLC-470-01;Jerry Dennerline;L/D;TTH 02:30PM-03:50PM;5
ASTR-111-01;Intro Modern Astronomy;;Thomas Burbine;L/D;MW 12:30PM-01:50PM;92
BCBP-291-01;Cell Struct +ACY- Function;BIOL-291-01,BCBP-291-01;Dominic Poccia;L/D;MWF 12:00PM-12:50PM;23
BCBP-291F-01;Cell Struct +ACY- Function;BIOL-291F-01,BCBP-291F-01;Dominic Poccia;DIS;T 01:00PM-01:50PM;23
BCBP-291L-01;Cell Struct +ACY- Function;BIOL-291L-01,BCBP-291L-01;Dominic Poccia;LAB;T 02:30PM-05:30PM;11
BCBP-291L-02;Cell Struct +ACY- Function;BIOL-291L-02,BCBP-291L-02;Dominic Poccia;LAB;W 02:00PM-05:00PM;12
BCBP-331-01;Biochemistry;BIOL-331-01,BCBP-331-01,CHEM-331-01;Anthony Bishop  Patrick Williamson;LEC;MWF 09:00AM-09:50AM;39
BCBP-331-01;Biochemistry;BIOL-331-01,BCBP-331-01,CHEM-331-01;Anthony Bishop  Patrick Williamson;LEC;MWF 09:00AM-09:50AM;39
BCBP-331F-01;Biochemistry Discuss;BCBP-331F-01,BIOL-331F-01,CHEM-331F-01;Anthony Bishop  Patrick Williamson;DIS;F 02:00PM-02:50PM;39
BCBP-331F-01;Biochemistry Discuss;BCBP-331F-01,BIOL-331F-01,CHEM-331F-01;Anthony Bishop  Patrick Williamson;DIS;F 02:00PM-02:50PM;39
BCBP-331L-01;Biochemistry Lab;BIOL-331L-01,CHEM-331L-01,BCBP-331L-01;Anthony Bishop  Patrick Williamson;LAB;T 01:00PM-05:00PM;15
BCBP-331L-01;Biochemistry Lab;BIOL-331L-01,CHEM-331L-01,BCBP-331L-01;Anthony Bishop  Patrick Williamson;LAB;T 01:00PM-05:00PM;15
BCBP-331L-02;Biochemistry Lab;BIOL-331L-02,BCBP-331L-02,CHEM-331L-02;Anthony Bishop  Patrick Williamson;LAB;W 02:00PM-06:00PM;14
BCBP-331L-02;Biochemistry Lab;BIOL-331L-02,BCBP-331L-02,CHEM-331L-02;Anthony Bishop  Patrick Williamson;LAB;W 02:00PM-06:00PM;14
BCBP-331L-03;Biochemistry Lab;BIOL-331L-03,BCBP-331L-03,CHEM-331L-03;Anthony Bishop  Patrick Williamson;LAB;TH 01:00PM-05:00PM;10
BCBP-331L-03;Biochemistry Lab;BIOL-331L-03,BCBP-331L-03,CHEM-331L-03;Anthony Bishop  Patrick Williamson;LAB;TH 01:00PM-05:00PM;10
BIOL-104-01;Food, Fiber +ACY- Pharma;;Rachel Levin;L/D;TTH 10:00AM-11:20AM;25
BIOL-110-01;Contagion;;Alexandra Purdy;L/D;MWF 11:00AM-11:50AM;40
BIOL-181-01;Adaptation +ACY- Organism;;Ethan Clotfelter  Julia Emerson  Jill Miller;LEC;MWF 10:00AM-10:50AM;109
BIOL-181-01;Adaptation +ACY- Organism;;Ethan Clotfelter  Julia Emerson  Jill Miller;LEC;MWF 10:00AM-10:50AM;109
BIOL-181-01;Adaptation +ACY- Organism;;Ethan Clotfelter  Julia Emerson  Jill Miller;LEC;MWF 10:00AM-10:50AM;109
BIOL-181F-01;Adaptation +ACY- Organism;;Ethan Clotfelter  Julia Emerson  Jill Miller;DIS;T 01:00PM-01:50PM;109
BIOL-181F-01;Adaptation +ACY- Organism;;Ethan Clotfelter  Julia Emerson  Jill Miller;DIS;T 01:00PM-01:50PM;109
BIOL-181F-01;Adaptation +ACY- Organism;;Ethan Clotfelter  Julia Emerson  Jill Miller;DIS;T 01:00PM-01:50PM;109
BIOL-181L-01;Adaptation +ACY- Organism;;Ethan Clotfelter  Julia Emerson  Jill Miller;LAB;T 02:30PM-05:30PM;21
BIOL-181L-01;Adaptation +ACY- Organism;;Ethan Clotfelter  Julia Emerson  Jill Miller;LAB;T 02:30PM-05:30PM;21
BIOL-181L-01;Adaptation +ACY- Organism;;Ethan Clotfelter  Julia Emerson  Jill Miller;LAB;T 02:30PM-05:30PM;21
BIOL-181L-02;Adaptation +ACY- Organism;;Ethan Clotfelter  Julia Emerson  Jill Miller;LAB;W 02:00PM-05:00PM;22
BIOL-181L-02;Adaptation +ACY- Organism;;Ethan Clotfelter  Julia Emerson  Jill Miller;LAB;W 02:00PM-05:00PM;22
BIOL-181L-02;Adaptation +ACY- Organism;;Ethan Clotfelter  Julia Emerson  Jill Miller;LAB;W 02:00PM-05:00PM;22
BIOL-181L-03;Adaptation +ACY- Organism;;Ethan Clotfelter  Julia Emerson  Jill Miller;LAB;TH 02:30PM-05:30PM;22
BIOL-181L-03;Adaptation +ACY- Organism;;Ethan Clotfelter  Julia Emerson  Jill Miller;LAB;TH 02:30PM-05:30PM;22
BIOL-181L-03;Adaptation +ACY- Organism;;Ethan Clotfelter  Julia Emerson  Jill Miller;LAB;TH 02:30PM-05:30PM;22
BIOL-181L-04;Adaptation +ACY- Organism;;Ethan Clotfelter  Julia Emerson  Jill Miller;LAB;F 02:00PM-05:00PM;20
BIOL-181L-04;Adaptation +ACY- Organism;;Ethan Clotfelter  Julia Emerson  Jill Miller;LAB;F 02:00PM-05:00PM;20
BIOL-181L-04;Adaptation +ACY- Organism;;Ethan Clotfelter  Julia Emerson  Jill Miller;LAB;F 02:00PM-05:00PM;20
BIOL-181L-05;Adaptation +ACY- Organism;;Ethan Clotfelter  Julia Emerson  Jill Miller;LAB;TH 08:00AM-11:00AM;24
BIOL-181L-05;Adaptation +ACY- Organism;;Ethan Clotfelter  Julia Emerson  Jill Miller;LAB;TH 08:00AM-11:00AM;24
BIOL-181L-05;Adaptation +ACY- Organism;;Ethan Clotfelter  Julia Emerson  Jill Miller;LAB;TH 08:00AM-11:00AM;24
BIOL-210-01;Biostatistics;;Stephen George;L/D;MWF 09:00AM-09:50AM;24
BIOL-241-01;Genetic Analysis;;Caroline Goutte;L/D;TTH 10:00AM-11:20AM;28
BIOL-241L-01;Genetic Analysis Lab;;Caroline Goutte;LAB;TH 02:30PM-05:30PM;15
BIOL-241L-02;Genetic Analysis Lab;;Caroline Goutte;LAB;F 01:00PM-04:00PM;13
BIOL-260-01;Animal Physiology;;Josef Trapani;LEC;MWF 11:00AM-11:50AM;28
BIOL-291-01;Cell Struct +ACY- Function;BIOL-291-01,BCBP-291-01;Dominic Poccia;L/D;MWF 12:00PM-12:50PM;23
BIOL-291F-01;Cell Struct +ACY- Function;BIOL-291F-01,BCBP-291F-01;Dominic Poccia;DIS;T 01:00PM-01:50PM;23
BIOL-291L-01;Cell Struct +ACY- Function;BIOL-291L-01,BCBP-291L-01;Dominic Poccia;LAB;T 02:30PM-05:30PM;11
BIOL-291L-02;Cell Struct +ACY- Function;BIOL-291L-02,BCBP-291L-02;Dominic Poccia;LAB;W 02:00PM-05:00PM;12
BIOL-331-01;Biochemistry;BIOL-331-01,BCBP-331-01,CHEM-331-01;Anthony Bishop  Patrick Williamson;LEC;MWF 09:00AM-09:50AM;39
BIOL-331-01;Biochemistry;BIOL-331-01,BCBP-331-01,CHEM-331-01;Anthony Bishop  Patrick Williamson;LEC;MWF 09:00AM-09:50AM;39
BIOL-331F-01;Biochemistry Discuss;BCBP-331F-01,BIOL-331F-01,CHEM-331F-01;Anthony Bishop  Patrick Williamson;DIS;F 02:00PM-02:50PM;39
BIOL-331F-01;Biochemistry Discuss;BCBP-331F-01,BIOL-331F-01,CHEM-331F-01;Anthony Bishop  Patrick Williamson;DIS;F 02:00PM-02:50PM;39
BIOL-331L-01;Biochemistry Lab;BIOL-331L-01,CHEM-331L-01,BCBP-331L-01;Anthony Bishop  Patrick Williamson;LAB;T 01:00PM-05:00PM;15
BIOL-331L-01;Biochemistry Lab;BIOL-331L-01,CHEM-331L-01,BCBP-331L-01;Anthony Bishop  Patrick Williamson;LAB;T 01:00PM-05:00PM;15
BIOL-331L-02;Biochemistry Lab;BIOL-331L-02,BCBP-331L-02,CHEM-331L-02;Anthony Bishop  Patrick Williamson;LAB;W 02:00PM-06:00PM;14
BIOL-331L-02;Biochemistry Lab;BIOL-331L-02,BCBP-331L-02,CHEM-331L-02;Anthony Bishop  Patrick Williamson;LAB;W 02:00PM-06:00PM;14
BIOL-331L-03;Biochemistry Lab;BIOL-331L-03,BCBP-331L-03,CHEM-331L-03;Anthony Bishop  Patrick Williamson;LAB;TH 01:00PM-05:00PM;10
BIOL-331L-03;Biochemistry Lab;BIOL-331L-03,BCBP-331L-03,CHEM-331L-03;Anthony Bishop  Patrick Williamson;LAB;TH 01:00PM-05:00PM;10
BIOL-380-01;Genome Biology;;Michael Hood;L/D;TTH 10:00AM-11:20AM;17
BIOL-395-01;Physical Law and Biology;;Stephen George;L/D;F 02:00PM-04:30PM;6
BIOL-410-01;Disease Biology;;Michael Hood;L/D;T 02:30PM-05:30PM;13
BIOL-434-01;Seminar in Ecology;;Ethan Temeles;L/D;TH 01:00PM-04:00PM;9
BIOL-450-01;Physiology Seminar;;Josef Trapani;L/D;W 02:30PM-05:30PM;6
BLST-111-01;Intro to Black Studies;;John Drabinski;L/D;MW 12:30PM-01:50PM;20
BLST-121-01;Intro South African Hist;HIST-283-01,BLST-121-01;Sean Redding;L/D;MW 02:00PM-03:20PM;27
BLST-123-01;Survey of African Art;ARHA-149-01,BLST-123-01;Rowland Abiodun;L/D;MW 08:30AM-09:50AM;7
BLST-200-01;Debate in Black Studies;;John Drabinski;L/D;TTH 11:30AM-12:50PM;23
BLST-221-01;Colnl +ACY- Pst Colnl Afric;HIST-181-01,BLST-221-01;Sean Redding;L/D;MWF 10:00AM-10:50AM;37
BLST-236-01;Black Sexualities;BLST-236-01,WAGS-330-01;Khary Polk;L/D;TTH 02:30PM-03:50PM;21
BLST-242-01;Black Women's Narratives;WAGS-202-01,BLST-242-01;Aneeka Henderson;L/D;TTH 11:30AM-12:50PM;16
BLST-300-01;Black Studies Seminar;;Jose Castro Alves;L/D;W 02:00PM-04:30PM;9
BLST-300-02;Black Studies Seminar;;Jeffrey Ferguson  Jose Castro Alves;L/D;W 02:00PM-04:30PM;5
BLST-300-02;Black Studies Seminar;;Jeffrey Ferguson  Jose Castro Alves;L/D;W 02:00PM-04:30PM;5
BLST-315-01;Myth/Ritual West Africa;BLST-315-01,ARHA-353-01;Rowland Abiodun;L/D;MW 12:30PM-01:50PM;3
BLST-330-01;Spike Lee's Joints;ENGL-374-01,BLST-330-01,FAMS-358-01;John Drabinski  Marisa Parham;L/D;TTH 10:00AM-11:20AM;49
BLST-330-01;Spike Lee's Joints;ENGL-374-01,BLST-330-01,FAMS-358-01;John Drabinski  Marisa Parham;L/D;TTH 10:00AM-11:20AM;49
BLST-341-01;Race +ACY- Educ Opportunity;HIST-355-01,BLST-341-01;Hilary Moss;L/D;T 01:00PM-03:30PM;15
BLST-401-01;Black Liberation Theology;BLST-401-01,HIST-468-01;Jose Castro Alves;L/D;M 02:00PM-04:30PM;10
BLST-432-01;Ellison's Invisible Man;;Jeffrey Ferguson;L/D;T 02:30PM-05:00PM;0
BLST-441-01;Virtuality/Embodiment;ENGL-456-01,BLST-441-01,FAMS-451-01;Marisa Parham;L/D;TTH 08:30AM-09:50AM;11
CHEM-151-01;Introductory Chemistry;;Patricia O'Hara  James Hebda;LEC;MWF 11:00AM-11:50AM;29
CHEM-151-01;Introductory Chemistry;;Patricia O'Hara  James Hebda;LEC;MWF 11:00AM-11:50AM;29
CHEM-151F-01;Introductory Chemistry Discuss;;Patricia O'Hara  James Hebda;DIS;M 02:00PM-02:50PM;16
CHEM-151F-01;Introductory Chemistry Discuss;;Patricia O'Hara  James Hebda;DIS;M 02:00PM-02:50PM;16
CHEM-151F-02;Introductory Chemistry Discuss;;Patricia O'Hara  James Hebda;DIS;M 03:00PM-03:50PM;10
CHEM-151F-02;Introductory Chemistry Discuss;;Patricia O'Hara  James Hebda;DIS;M 03:00PM-03:50PM;10
CHEM-151L-01;Introductory Chemistry Lab;;Patricia O'Hara  James Hebda;LAB;TH 08:00AM-11:00AM;16
CHEM-151L-01;Introductory Chemistry Lab;;Patricia O'Hara  James Hebda;LAB;TH 08:00AM-11:00AM;16
CHEM-151L-02;Introductory Chemistry Lab;;Patricia O'Hara  James Hebda;LAB;TH 02:30PM-05:30PM;10
CHEM-151L-02;Introductory Chemistry Lab;;Patricia O'Hara  James Hebda;LAB;TH 02:30PM-05:30PM;10
CHEM-161-01;Chemical Principles;;Helen Leung  Mark Marshall  Richmond Ampiah-Bonney;LEC;MWF 11:00AM-11:50AM;111
CHEM-161-01;Chemical Principles;;Helen Leung  Mark Marshall  Richmond Ampiah-Bonney;LEC;MWF 11:00AM-11:50AM;111
CHEM-161-01;Chemical Principles;;Helen Leung  Mark Marshall  Richmond Ampiah-Bonney;LEC;MWF 11:00AM-11:50AM;111
CHEM-161F-01;Chemical Principles Discussion;;Helen Leung  Mark Marshall  Richmond Ampiah-Bonney;DIS;M 01:00PM-01:50PM;17
CHEM-161F-01;Chemical Principles Discussion;;Helen Leung  Mark Marshall  Richmond Ampiah-Bonney;DIS;M 01:00PM-01:50PM;17
CHEM-161F-01;Chemical Principles Discussion;;Helen Leung  Mark Marshall  Richmond Ampiah-Bonney;DIS;M 01:00PM-01:50PM;17
CHEM-161F-02;Chemical Principles Discussion;;Helen Leung  Mark Marshall  Richmond Ampiah-Bonney;DIS;M 01:00PM-01:50PM;15
CHEM-161F-02;Chemical Principles Discussion;;Helen Leung  Mark Marshall  Richmond Ampiah-Bonney;DIS;M 01:00PM-01:50PM;15
CHEM-161F-02;Chemical Principles Discussion;;Helen Leung  Mark Marshall  Richmond Ampiah-Bonney;DIS;M 01:00PM-01:50PM;15
CHEM-161F-03;Chemical Principles Discussion;;Helen Leung  Mark Marshall  Richmond Ampiah-Bonney;DIS;M 02:00PM-02:50PM;35
CHEM-161F-03;Chemical Principles Discussion;;Helen Leung  Mark Marshall  Richmond Ampiah-Bonney;DIS;M 02:00PM-02:50PM;35
CHEM-161F-03;Chemical Principles Discussion;;Helen Leung  Mark Marshall  Richmond Ampiah-Bonney;DIS;M 02:00PM-02:50PM;35
CHEM-161F-04;Chemical Principles Discussion;;Helen Leung  Mark Marshall  Richmond Ampiah-Bonney;DIS;M 02:00PM-02:50PM;27
CHEM-161F-04;Chemical Principles Discussion;;Helen Leung  Mark Marshall  Richmond Ampiah-Bonney;DIS;M 02:00PM-02:50PM;27
CHEM-161F-04;Chemical Principles Discussion;;Helen Leung  Mark Marshall  Richmond Ampiah-Bonney;DIS;M 02:00PM-02:50PM;27
CHEM-161F-05;Chemical Principles Discussion;;Helen Leung  Mark Marshall  Richmond Ampiah-Bonney;DIS;M 03:00PM-03:50PM;16
CHEM-161F-05;Chemical Principles Discussion;;Helen Leung  Mark Marshall  Richmond Ampiah-Bonney;DIS;M 03:00PM-03:50PM;16
CHEM-161F-05;Chemical Principles Discussion;;Helen Leung  Mark Marshall  Richmond Ampiah-Bonney;DIS;M 03:00PM-03:50PM;16
CHEM-161L-01;Chemical Principles Lab;;Helen Leung  Mark Marshall  Richmond Ampiah-Bonney;LAB;M 03:00PM-06:00PM;17
CHEM-161L-01;Chemical Principles Lab;;Helen Leung  Mark Marshall  Richmond Ampiah-Bonney;LAB;M 03:00PM-06:00PM;17
CHEM-161L-01;Chemical Principles Lab;;Helen Leung  Mark Marshall  Richmond Ampiah-Bonney;LAB;M 03:00PM-06:00PM;17
CHEM-161L-02;Chemical Principles Lab;;Helen Leung  Mark Marshall  Richmond Ampiah-Bonney;LAB;T 08:00AM-11:00AM;21
CHEM-161L-02;Chemical Principles Lab;;Helen Leung  Mark Marshall  Richmond Ampiah-Bonney;LAB;T 08:00AM-11:00AM;21
CHEM-161L-02;Chemical Principles Lab;;Helen Leung  Mark Marshall  Richmond Ampiah-Bonney;LAB;T 08:00AM-11:00AM;21
CHEM-161L-03;Chemical Principles Lab;;Helen Leung  Mark Marshall  Richmond Ampiah-Bonney;LAB;T 02:30PM-05:30PM;21
CHEM-161L-03;Chemical Principles Lab;;Helen Leung  Mark Marshall  Richmond Ampiah-Bonney;LAB;T 02:30PM-05:30PM;21
CHEM-161L-03;Chemical Principles Lab;;Helen Leung  Mark Marshall  Richmond Ampiah-Bonney;LAB;T 02:30PM-05:30PM;21
CHEM-161L-04;Chemical Principles Lab;;Helen Leung  Mark Marshall  Richmond Ampiah-Bonney;LAB;W 02:00PM-05:00PM;23
CHEM-161L-04;Chemical Principles Lab;;Helen Leung  Mark Marshall  Richmond Ampiah-Bonney;LAB;W 02:00PM-05:00PM;23
CHEM-161L-04;Chemical Principles Lab;;Helen Leung  Mark Marshall  Richmond Ampiah-Bonney;LAB;W 02:00PM-05:00PM;23
CHEM-161L-06;Chemical Principles Lab;;Helen Leung  Mark Marshall  Richmond Ampiah-Bonney;LAB;TH 02:30PM-05:30PM;21
CHEM-161L-06;Chemical Principles Lab;;Helen Leung  Mark Marshall  Richmond Ampiah-Bonney;LAB;TH 02:30PM-05:30PM;21
CHEM-161L-06;Chemical Principles Lab;;Helen Leung  Mark Marshall  Richmond Ampiah-Bonney;LAB;TH 02:30PM-05:30PM;21
CHEM-161L-07;Chemical Principles Lab;;Helen Leung  Mark Marshall  Richmond Ampiah-Bonney;LAB;F 01:00PM-04:00PM;7
CHEM-161L-07;Chemical Principles Lab;;Helen Leung  Mark Marshall  Richmond Ampiah-Bonney;LAB;F 01:00PM-04:00PM;7
CHEM-161L-07;Chemical Principles Lab;;Helen Leung  Mark Marshall  Richmond Ampiah-Bonney;LAB;F 01:00PM-04:00PM;7
CHEM-231-01;Organic Chemistry II;;Cindy Kan  Jonathan Collins  Lauren Stencel;LEC;MWF 11:00AM-11:50AM;106
CHEM-231-01;Organic Chemistry II;;Cindy Kan  Jonathan Collins  Lauren Stencel;LEC;MWF 11:00AM-11:50AM;106
CHEM-231-01;Organic Chemistry II;;Cindy Kan  Jonathan Collins  Lauren Stencel;LEC;MWF 11:00AM-11:50AM;106
CHEM-231F-01;Organic Chem II Dis;;Cindy Kan  Jonathan Collins  Lauren Stencel;DIS;M 01:00PM-01:50PM;46
CHEM-231F-01;Organic Chem II Dis;;Cindy Kan  Jonathan Collins  Lauren Stencel;DIS;M 01:00PM-01:50PM;46
CHEM-231F-01;Organic Chem II Dis;;Cindy Kan  Jonathan Collins  Lauren Stencel;DIS;M 01:00PM-01:50PM;46
CHEM-231F-02;Organic Chem II Dis;;Cindy Kan  Jonathan Collins  Lauren Stencel;DIS;M 02:00PM-02:50PM;57
CHEM-231F-02;Organic Chem II Dis;;Cindy Kan  Jonathan Collins  Lauren Stencel;DIS;M 02:00PM-02:50PM;57
CHEM-231F-02;Organic Chem II Dis;;Cindy Kan  Jonathan Collins  Lauren Stencel;DIS;M 02:00PM-02:50PM;57
CHEM-231L-01;Organic Chem II Lab;;Cindy Kan  Jonathan Collins  Lauren Stencel;LAB;M 03:00PM-06:30PM;14
CHEM-231L-01;Organic Chem II Lab;;Cindy Kan  Jonathan Collins  Lauren Stencel;LAB;M 03:00PM-06:30PM;14
CHEM-231L-01;Organic Chem II Lab;;Cindy Kan  Jonathan Collins  Lauren Stencel;LAB;M 03:00PM-06:30PM;14
CHEM-231L-02;Organic Chem II Lab;;Cindy Kan  Jonathan Collins  Lauren Stencel;LAB;T 08:00AM-11:30AM;20
CHEM-231L-02;Organic Chem II Lab;;Cindy Kan  Jonathan Collins  Lauren Stencel;LAB;T 08:00AM-11:30AM;20
CHEM-231L-02;Organic Chem II Lab;;Cindy Kan  Jonathan Collins  Lauren Stencel;LAB;T 08:00AM-11:30AM;20
CHEM-231L-03;Organic Chem II Lab;;Cindy Kan  Jonathan Collins  Lauren Stencel;LAB;T 02:30PM-06:00PM;17
CHEM-231L-03;Organic Chem II Lab;;Cindy Kan  Jonathan Collins  Lauren Stencel;LAB;T 02:30PM-06:00PM;17
CHEM-231L-03;Organic Chem II Lab;;Cindy Kan  Jonathan Collins  Lauren Stencel;LAB;T 02:30PM-06:00PM;17
CHEM-231L-04;Organic Chem II Lab;;Cindy Kan  Jonathan Collins  Lauren Stencel;LAB;W 02:00PM-05:30PM;19
CHEM-231L-04;Organic Chem II Lab;;Cindy Kan  Jonathan Collins  Lauren Stencel;LAB;W 02:00PM-05:30PM;19
CHEM-231L-04;Organic Chem II Lab;;Cindy Kan  Jonathan Collins  Lauren Stencel;LAB;W 02:00PM-05:30PM;19
CHEM-231L-05;Organic Chem II Lab;;Cindy Kan  Jonathan Collins  Lauren Stencel;LAB;TH 08:00AM-11:30AM;16
CHEM-231L-05;Organic Chem II Lab;;Cindy Kan  Jonathan Collins  Lauren Stencel;LAB;TH 08:00AM-11:30AM;16
CHEM-231L-05;Organic Chem II Lab;;Cindy Kan  Jonathan Collins  Lauren Stencel;LAB;TH 08:00AM-11:30AM;16
CHEM-231L-06;Organic Chem II Lab;;Cindy Kan  Jonathan Collins  Lauren Stencel;LAB;TH 02:30PM-06:00PM;17
CHEM-231L-06;Organic Chem II Lab;;Cindy Kan  Jonathan Collins  Lauren Stencel;LAB;TH 02:30PM-06:00PM;17
CHEM-231L-06;Organic Chem II Lab;;Cindy Kan  Jonathan Collins  Lauren Stencel;LAB;TH 02:30PM-06:00PM;17
CHEM-331-01;Biochemistry;BIOL-331-01,BCBP-331-01,CHEM-331-01;Anthony Bishop  Patrick Williamson;LEC;MWF 09:00AM-09:50AM;39
CHEM-331-01;Biochemistry;BIOL-331-01,BCBP-331-01,CHEM-331-01;Anthony Bishop  Patrick Williamson;LEC;MWF 09:00AM-09:50AM;39
CHEM-331F-01;Biochemistry Discuss;BCBP-331F-01,BIOL-331F-01,CHEM-331F-01;Anthony Bishop  Patrick Williamson;DIS;F 02:00PM-02:50PM;39
CHEM-331F-01;Biochemistry Discuss;BCBP-331F-01,BIOL-331F-01,CHEM-331F-01;Anthony Bishop  Patrick Williamson;DIS;F 02:00PM-02:50PM;39
CHEM-331L-01;Biochemistry Lab;BIOL-331L-01,CHEM-331L-01,BCBP-331L-01;Anthony Bishop  Patrick Williamson;LAB;T 01:00PM-05:00PM;15
CHEM-331L-01;Biochemistry Lab;BIOL-331L-01,CHEM-331L-01,BCBP-331L-01;Anthony Bishop  Patrick Williamson;LAB;T 01:00PM-05:00PM;15
CHEM-331L-02;Biochemistry Lab;BIOL-331L-02,BCBP-331L-02,CHEM-331L-02;Anthony Bishop  Patrick Williamson;LAB;W 02:00PM-06:00PM;14
CHEM-331L-02;Biochemistry Lab;BIOL-331L-02,BCBP-331L-02,CHEM-331L-02;Anthony Bishop  Patrick Williamson;LAB;W 02:00PM-06:00PM;14
CHEM-331L-03;Biochemistry Lab;BIOL-331L-03,BCBP-331L-03,CHEM-331L-03;Anthony Bishop  Patrick Williamson;LAB;TH 01:00PM-05:00PM;10
CHEM-331L-03;Biochemistry Lab;BIOL-331L-03,BCBP-331L-03,CHEM-331L-03;Anthony Bishop  Patrick Williamson;LAB;TH 01:00PM-05:00PM;10
CHEM-361-01;Physical Chemistry;;Elizabeth Young;LEC;TTH 10:00AM-11:20AM;21
CHEM-361L-01;Physical Chemistry Lab;;Elizabeth Young;LAB;W 02:00PM-06:00PM;12
CHEM-361L-02;Physical Chemistry Lab;;Elizabeth Young;LAB;TH 01:00PM-05:00PM;9
CHEM-371-01;Inorganic Chemistry;;Sandra Burkett;LEC;MWF 11:00AM-11:50AM;13
CHEM-371F-01;Inorganic Chemistry Dis;;Sandra Burkett;DIS;F 03:00PM-03:50PM;13
CHEM-371L-01;Inorganic Chemistry Lab;;Sandra Burkett;LAB;M 02:00PM-06:00PM;9
CHEM-371L-02;Inorganic Chemistry Lab;;Sandra Burkett;LAB;T 01:00PM-05:00PM;4
CHIN-102-01;First-Year Chinese II;;Weijia Li;LEC;MWF 09:00AM-09:50AM;8
CHIN-102-02;First-Year Chinese II;;Weijia Li;LEC;MWF 10:00AM-10:50AM;9
CHIN-102F-01;FY Chinese II Discuss.;;Weijia Li;DIS;TTH 09:00AM-09:50AM;6
CHIN-102F-02;FY Chinese II Discuss.;;Weijia Li;DIS;TTH 10:00AM-10:50AM;4
CHIN-102F-03;FY Chinese II Discuss.;;Weijia Li;DIS;TTH 01:00PM-01:50PM;5
CHIN-102F-04;FY Chinese II Discuss.;;Weijia Li;DIS;TTH 02:00PM-02:50PM;0
CHIN-202-01;Second-Year Chinese II;;Xiaoping Teng;LEC;MWF 10:00AM-10:50AM;1
CHIN-202-02;Second-Year Chinese II;;Xiaoping Teng;LEC;MWF 11:00AM-11:50AM;6
CHIN-202F-01;Sec Year Chinese II Dis;;Xiaoping Teng;DIS;TTH 10:00AM-10:50AM;2
CHIN-202F-02;Sec Year Chinese II Dis;;Xiaoping Teng;DIS;TTH 11:00AM-11:50AM;2
CHIN-202F-03;Sec Year Chinese II Dis;;Xiaoping Teng;DIS;TTH 01:00PM-01:50PM;2
CHIN-202F-04;Sec Year Chinese II Dis;;Xiaoping Teng;DIS;TTH 02:00PM-02:50PM;1
CHIN-302-01;Third-Year Chinese II;;Tong Shen  Xiaoping Teng;LEC;MTWTHF 02:00PM-02:50PM;2
CHIN-302-01;Third-Year Chinese II;;Tong Shen  Xiaoping Teng;LEC;MTWTHF 02:00PM-02:50PM;2
CHIN-402-01;Fourth-Year Chinese II;;Tong Shen;L/D;MWF 11:00AM-11:50AM;5
CLAS-123-01;Greek Civilization;CLAS-123-01,WAGS-123-01;Frederick Griffiths;L/D;MWF 11:00AM-11:50AM;51
CLAS-135-01;History of Roman Empire;;Jessica McCutcheon;L/D;TTH 01:00PM-02:20PM;73
COLQ-230-01;Cultural Agency;;Lucia Suarez;L/D;TTH 08:30AM-09:50AM;6
COLQ-234-01;America's Death Penalty;;Austin Sarat;L/D;M 08:30AM-10:30AM;7
COLQ-237-01;The Senses in Motion;;Heidi Gilpin;L/D;F 02:00PM-05:00PM;5
COLQ-331-01;The Meaning of Catastrophe;;Lawrence Douglas  Austin Sarat;L/D;M 02:00PM-04:00PM;13
COLQ-331-01;The Meaning of Catastrophe;;Lawrence Douglas  Austin Sarat;L/D;M 02:00PM-04:00PM;13
COLQ-332-01;Cities, Schools, +ACY- Space;;Scott Anderson  Hilary Moss;L/D;TH 01:00PM-03:30PM;6
COLQ-332-01;Cities, Schools, +ACY- Space;;Scott Anderson  Hilary Moss;L/D;TH 01:00PM-03:30PM;6
COLQ-338-01;Am Occupation of Germany;;Catherine Epstein  Eileen Crosby;L/D;M 02:00PM-04:00PM;5
COLQ-338-01;Am Occupation of Germany;;Catherine Epstein  Eileen Crosby;L/D;M 02:00PM-04:00PM;5
COLQ-339-01;American Performance;;Christopher Grobe;L/D;TH 01:00PM-03:30PM;3
COSC-105-01;Demystifying Internet;;Catherine McGeoch;L/D;TTH 02:30PM-04:30PM;34
COSC-111-01;Intro Computer Science I;;John Rager;LEC;MW 01:00PM-01:50PM;25
COSC-111-02;Intro Computer Science I;;Scott Kaplan;LEC;MW 09:00AM-09:50AM;38
COSC-111-03;Intro Computer Science I;;John Rager;LEC;MW 01:00PM-01:50PM;14
COSC-111-04;Intro Computer Science I;;Scott Kaplan;LEC;MW 09:00AM-09:50AM;23
COSC-112-01;Intro Comp Science II;;Lyle McGeoch;LEC;MW 01:00PM-01:50PM;18
COSC-112-02;Intro Comp Science II;;Lyle McGeoch;LEC;W 01:00PM-01:50PM;14
COSC-201-01;Data Struct +ACY- Algorithms I;;Catherine McGeoch;L/D;MWF 10:00AM-10:50AM;46
COSC-261-01;Computer Systems II;;John Rager;L/D;MWF 02:00PM-02:50PM;13
COSC-281-01;Networks +ACY- Cryptography;;Scott Kaplan;L/D;MWF 11:00AM-11:50AM;42
COSC-401-01;Theoretical Foundations;;Lyle McGeoch;L/D;MWF 10:00AM-10:50AM;18
ECON-111-01;An Intro to Economics;;Jun Ishii;LEC;TTH 01:00PM-02:20PM;34
ECON-111-02;An Intro to Economics;;Stanislav Rabinovich;LEC;TTH 10:00AM-11:20AM;34
ECON-111-03;An Intro to Economics;;Prakarsh Singh;LEC;MW 12:00PM-01:20PM;33
ECON-214-01;Health Economics +ACY- Policy;;Jessica Reyes;L/D;TTH 11:30AM-12:50PM;32
ECON-225-01;Industrial Organization;;Jun Ishii;L/D;TTH 10:00AM-11:20AM;42
ECON-227-01;International Trade;;Beth Yarbrough;L/D;MW 10:00AM-11:20AM;28
ECON-265-01;Money and Econ Activity;;Geoffrey Woglom;L/D;MW 02:00PM-03:20PM;49
ECON-275-01;Consumption +ACY- Happiness;;Daniel Barbezat;L/D;TTH 02:30PM-03:50PM;67
ECON-300-01;Microeconomics;;Christopher Kingston;L/D;MWF 09:00AM-09:50AM;50
ECON-330-01;Macroeconomics;;Stanislav Rabinovich;L/D;TTH 01:00PM-02:20PM;45
ECON-331-01;Adv Macroeconomics;;Geoffrey Woglom;L/D;TTH 01:00PM-02:20PM;14
ECON-360-01;Econometrics;;Adam Honig;L/D;MW 02:00PM-03:20PM;56
ECON-410-01;Micro Development;;Prakarsh Singh;L/D;MW 02:30PM-03:50PM;9
ECON-416-01;Evaluating Social Policy;;Jessica Reyes;L/D;TTH 10:00AM-11:20AM;6
ECON-435-01;Adv Open-Econ Macroecon;;Adam Honig;L/D;TTH 11:30AM-12:50PM;20
ECON-473-01;Economic Thought;;Daniel Barbezat;L/D;TTH 11:30AM-12:50PM;13
ECON-479-01;Institutional Economics;;Christopher Kingston;L/D;MW 12:00PM-01:20PM;14
ENGL-111-01;Having Arguments;;Benson Lieber;L/D;MWF 10:00AM-10:50AM;15
ENGL-115-01;Novels, Plays, Poems;;Peter Berek;L/D;TTH 10:00AM-11:20AM;20
ENGL-120-01;Reading/Writing/Teaching;;Benigno Sanchez-Eppler;L/D;MW 08:30AM-09:50AM;15
ENGL-215-01;Amer Lit: 1950-2012;;Lisa Brooks  Barry O'Connell;L/D;TTH 10:00AM-11:20AM;42
ENGL-215-01;Amer Lit: 1950-2012;;Lisa Brooks  Barry O'Connell;L/D;TTH 10:00AM-11:20AM;42
ENGL-221-01;Writing Poetry I;;David Sofield  Richard Wilbur;L/D;W 02:30PM-04:30PM;13
ENGL-221-01;Writing Poetry I;;David Sofield  Richard Wilbur;L/D;W 02:30PM-04:30PM;13
ENGL-225-01;Non-Fiction Writing;;Robert Townsend;L/D;TTH 01:00PM-02:20PM;16
ENGL-226-01;Fiction Writing I;;Judith Frank;L/D;MW 12:30PM-01:50PM;15
ENGL-240-01;Reading Poetry;;David Sofield;L/D;TTH 11:30AM-12:50PM;44
ENGL-250-01;Reading the Novel;;Judith Frank;L/D;TTH 11:30AM-12:50PM;31
ENGL-255-01;Unreliabilities;;Amity Gaige;L/D;MW 02:00PM-03:20PM;14
ENGL-272-01;Primer to Children's Lit;;Karen Sanchez-Eppler;L/D;MW 12:30PM-01:50PM;72
ENGL-280-01;Coming to Terms: Cinema;ENGL-280-01,FAMS-210-01;Andrew Johnston;L/D;TTH 11:30AM-12:50PM;35
ENGL-281-01;Foundations/Integrations;ENGL-281-01,ARHA-272-01,FAMS-220-01;Amelie Hastie  Christopher Johnson;L/D;T 01:00PM-04:00PM;9
ENGL-281-01;Foundations/Integrations;ENGL-281-01,ARHA-272-01,FAMS-220-01;Amelie Hastie  Christopher Johnson;L/D;T 01:00PM-04:00PM;9
ENGL-289-01;Production Workshop;ENGL-289-01,FAMS-222-01;Emily Miller;L/D;TH 02:30PM-05:30PM;12
ENGL-306-01;Mod Brit +ACY- Amer Poetry;;William Pritchard;L/D;TTH 10:00AM-11:20AM;10
ENGL-309-01;Proust;ENGL-309-01,EUST-309-01;John Cameron;L/D;TTH 02:30PM-03:50PM;17
ENGL-325-01;Imitations;;Daniel Hall;L/D;MW 08:30AM-09:50AM;8
ENGL-330-01;Old English and Beowulf;;Howell Chickering;L/D;MWF 10:00AM-10:50AM;14
ENGL-332-01;Chaucer-Canterbury Tales;;Howell Chickering;L/D;MWF 11:00AM-11:50AM;10
ENGL-338-01;Shakespeare;;Christopher Grobe;L/D;TTH 10:00AM-11:20AM;27
ENGL-340-01;Major English Writers I;;Ingrid Nelson;L/D;TTH 02:30PM-03:50PM;6
ENGL-354-01;Poe, Faulkner;;Geoffrey Sanborn;L/D;TTH 11:30AM-12:50PM;27
ENGL-356-01;Democracy and Education;;Barry O'Connell;L/D;WF 12:30PM-01:50PM;30
ENGL-369-01;American Extravaganzas;;Geoffrey Sanborn;L/D;MW 02:00PM-03:20PM;18
ENGL-370-01;Queer Geographies;WAGS-312-01,ENGL-370-01;Michele Barale;L/D;MF 12:00PM-01:20PM;9
ENGL-374-01;Spike Lee's Joints;ENGL-374-01,BLST-330-01,FAMS-358-01;John Drabinski  Marisa Parham;L/D;TTH 10:00AM-11:20AM;49
ENGL-374-01;Spike Lee's Joints;ENGL-374-01,BLST-330-01,FAMS-358-01;John Drabinski  Marisa Parham;L/D;TTH 10:00AM-11:20AM;49
ENGL-381-01;Cinema and Everyday Life;ENGL-381-01,FAMS-351-01;Amelie Hastie;L/D;MW 02:00PM-03:20PM;21
ENGL-388-01;Screenwriting;ENGL-388-01,FAMS-240-01;Christopher Johnson;L/D;W 02:00PM-05:00PM;14
ENGL-427-01;Crafting the Novel;;Amity Gaige;L/D;T 02:30PM-05:10PM;8
ENGL-449-01;Poetry and Research;;Ingrid Nelson;L/D;TTH 11:30AM-12:50PM;4
ENGL-456-01;Virtuality/Embodiment;ENGL-456-01,BLST-441-01,FAMS-451-01;Marisa Parham;L/D;TTH 08:30AM-09:50AM;11
ENGL-459-01;Native American Novels;;Lisa Brooks;L/D;TTH 01:00PM-02:20PM;12
ENGL-473-01;Literary Research;;Robert Hayashi;L/D;M 02:00PM-05:00PM;3
ENGL-476-01;Reading Psychoanalysis;;Alicia Christoff;L/D;M 02:00PM-04:30PM;16
ENGL-486-01;Media Archaeology;ENGL-486-01,FAMS-456-01;Andrew Johnston;L/D;MW 12:30PM-01:50PM;8
ENST-120-01;Intro Environ Studies;;Jan Dizard  Rachel Levin;LEC;T 02:30PM-03:50PM;50
ENST-120-01;Intro Environ Studies;;Jan Dizard  Rachel Levin;LEC;T 02:30PM-03:50PM;50
ENST-120F-01;Intro Environ Studies Dis;;Jan Dizard  Rachel Levin;DIS;TH 02:30PM-03:50PM;25
ENST-120F-01;Intro Environ Studies Dis;;Jan Dizard  Rachel Levin;DIS;TH 02:30PM-03:50PM;25
ENST-120F-02;Intro Environ Studies Dis;;Jan Dizard  Rachel Levin;DIS;TH 02:30PM-03:50PM;24
ENST-120F-02;Intro Environ Studies Dis;;Jan Dizard  Rachel Levin;DIS;TH 02:30PM-03:50PM;24
ENST-401-01;Prosem: Research/Writing;HIST-402-01,ENST-401-01;Rick Lopez  Anna Martini;L/D;TTH 11:30AM-12:50PM;20
ENST-401-01;Prosem: Research/Writing;HIST-402-01,ENST-401-01;Rick Lopez  Anna Martini;L/D;TTH 11:30AM-12:50PM;20
ENST-430-01;Fisheries;;Ethan Temeles  Jan Dizard;L/D;W 02:00PM-05:00PM;20
ENST-430-01;Fisheries;;Ethan Temeles  Jan Dizard;L/D;W 02:00PM-05:00PM;20
EUST-122-01;European Tradition II;;Scott Branson;L/D;TTH 08:30AM-09:50AM;10
EUST-125-01;Early Modern Europe;HIST-125-01,EUST-125-01;Margaret Hunt;L/D;TTH 11:30AM-12:50PM;52
EUST-146-01;Realm of Dreams;ARHA-146-01,EUST-146-01,WAGS-113-01;Natasha Staller;L/D;TTH 10:00AM-11:20AM;19
EUST-216-01;Intermediate Arch Design;EUST-216-01,ARHA-216-01,ARCH-216-01;Thom Long;L/D;MW 09:00AM-11:30AM;13
EUST-221-01;Music +ACY- Culture I;MUSI-221-01,EUST-221-01;Klara Moricz;LEC;TTH 10:00AM-11:20AM;13
EUST-232-01;Rep +ACY- Reality Span Cinem;SPAN-236-01,EUST-232-01,FAMS-328-01;Sara Brenneis;L/D;TTH 02:30PM-03:50PM;13
EUST-237-01;God;;Ilan Stavchansky;L/D;TTH 11:30AM-12:50PM;26
EUST-239-01;Pop Cult/Resist/West Eur;HIST-237-01,EUST-239-01;Anna Gust;L/D;MW 12:30PM-01:50PM;33
EUST-255-01;Michelangelo;ARHA-255-01,EUST-255-01;Ralph Lieberman;L/D;TTH 11:30AM-12:50PM;17
EUST-271-01;Modern Architecture;ARHA-271-01,ARCH-271-01,EUST-271-01;Jeffrey Saletnik;L/D;TTH 01:00PM-02:20PM;19
EUST-303-01;Poetic Translation;;Catherine Ciepiela;L/D;MW 02:30PM-03:50PM;3
EUST-309-01;Proust;ENGL-309-01,EUST-309-01;John Cameron;L/D;TTH 02:30PM-03:50PM;17
EUST-339-01;Betw Tsars +ACY- Communists;HIST-439-01,EUST-339-01;Sergey Glebov;L/D;TH 02:30PM-05:00PM;18
EUST-368-01;SPACE;GERM-368-01,EUST-368-01,FAMS-373-01,ARCH-368-01;Heidi Gilpin;L/D;W 12:00PM-03:00PM;11
FAMS-210-01;Coming to Terms: Cinema;ENGL-280-01,FAMS-210-01;Andrew Johnston;L/D;TTH 11:30AM-12:50PM;35
FAMS-220-01;Foundations/Integrations;ENGL-281-01,ARHA-272-01,FAMS-220-01;Amelie Hastie  Christopher Johnson;L/D;T 01:00PM-04:00PM;9
FAMS-220-01;Foundations/Integrations;ENGL-281-01,ARHA-272-01,FAMS-220-01;Amelie Hastie  Christopher Johnson;L/D;T 01:00PM-04:00PM;9
FAMS-222-01;Production Workshop;ENGL-289-01,FAMS-222-01;Emily Miller;L/D;TH 02:30PM-05:30PM;12
FAMS-240-01;Screenwriting;ENGL-388-01,FAMS-240-01;Christopher Johnson;L/D;W 02:00PM-05:00PM;14
FAMS-310-01;Global Sound;MUSI-124-01,FAMS-310-01;Jeffers Engelhardt;L/D;TTH 08:30AM-09:50AM;20
FAMS-320-01;Japan on Screen;ASLC-234-01,FAMS-320-01;Timothy Van Compernolle;L/D;TTH 02:30PM-03:50PM;9
FAMS-328-01;Rep +ACY- Reality Span Cinem;SPAN-236-01,EUST-232-01,FAMS-328-01;Sara Brenneis;L/D;TTH 02:30PM-03:50PM;13
FAMS-342-01;Performance in Place;THDA-352-01,FAMS-342-01,MUSI-352-01;Wendy Woodson;L/D;F 01:00PM-04:00PM;10
FAMS-351-01;Cinema and Everyday Life;ENGL-381-01,FAMS-351-01;Amelie Hastie;L/D;MW 02:00PM-03:20PM;21
FAMS-358-01;Spike Lee's Joints;ENGL-374-01,BLST-330-01,FAMS-358-01;John Drabinski  Marisa Parham;L/D;TTH 10:00AM-11:20AM;49
FAMS-358-01;Spike Lee's Joints;ENGL-374-01,BLST-330-01,FAMS-358-01;John Drabinski  Marisa Parham;L/D;TTH 10:00AM-11:20AM;49
FAMS-373-01;SPACE;GERM-368-01,EUST-368-01,FAMS-373-01,ARCH-368-01;Heidi Gilpin;L/D;W 12:00PM-03:00PM;11
FAMS-378-01;Visual Anthropology;;Deborah Gewertz;L/D;TTH 02:30PM-03:50PM;0
FAMS-451-01;Virtuality/Embodiment;ENGL-456-01,BLST-441-01,FAMS-451-01;Marisa Parham;L/D;TTH 08:30AM-09:50AM;11
FAMS-456-01;Media Archaeology;ENGL-486-01,FAMS-456-01;Andrew Johnston;L/D;MW 12:30PM-01:50PM;8
FREN-101-01;Elementary French;;Raina Uhden;LEC;MWF 09:00AM-09:50AM;15
FREN-101F-01;Elementary French;;Raina Uhden;DIS;TTH 09:00AM-09:50AM;2
FREN-101F-02;Elementary French;;Raina Uhden;DIS;TTH 10:00AM-10:50AM;4
FREN-101F-03;Elementary French;;Raina Uhden;DIS;TTH 01:00PM-01:50PM;7
FREN-103-01;Intermediate French;;Raina Uhden;LEC;MWF 10:00AM-10:50AM;7
FREN-103-02;Intermediate French;;Raina Uhden;LEC;MWF 11:00AM-11:50AM;14
FREN-103F-01;Intermediate French;;Raina Uhden;DIS;TH 09:00AM-09:50AM;6
FREN-103F-02;Intermediate French;;Raina Uhden;DIS;TH 01:00PM-01:50PM;4
FREN-103F-03;Intermediate French;;Raina Uhden;DIS;TH 03:00PM-03:50PM;3
FREN-103F-04;Intermediate French;;Raina Uhden;DIS;TH 01:00PM-01:50PM;4
FREN-103F-05;Intermediate French;;Raina Uhden;DIS;TH 02:00PM-02:50PM;4
FREN-103F-06;Intermediate French;;Raina Uhden;DIS;TH 03:30PM-04:20PM;0
FREN-205-01;Language and Literature;;Rosalina de la Carrera;L/D;MWF 10:00AM-10:50AM;12
FREN-207-01;Intro French Lit +ACY- Cult;;Paul Rockwell;L/D;MWF 10:00AM-10:50AM;7
FREN-207-02;Intro French Lit +ACY- Cult;;Anouk Alquier;L/D;MWF 11:00AM-11:50AM;10
FREN-208-01;French Conversation;;Anouk Alquier;L/D;MWF 10:00AM-10:50AM;18
FREN-208-02;French Conversation;;Anouk Alquier;L/D;MWF 09:00AM-09:50AM;18
FREN-311-01;Cultural Hist of France;;Jay Caplan;L/D;MF 12:00PM-01:20PM;8
FREN-320-01;Lit Masks of Middle Ages;;Paul Rockwell;L/D;MWF 09:00AM-09:50AM;24
FREN-337-01;Enlightenment;;Rosalina de la Carrera;L/D;MWF 11:00AM-11:50AM;16
FREN-361-01;European Film;;Jay Caplan;L/D;TTH 01:00PM-02:20PM;10
GEOL-103-01;Great American West;;Tekla Harms;L/D;MTWF 09:00AM-09:50AM;14
GEOL-111-01;Principles of Geology;;Peter Crowley  Tekla Harms;L/D;MWF 12:00PM-12:50PM;21
GEOL-111-01;Principles of Geology;;Peter Crowley  Tekla Harms;L/D;MWF 12:00PM-12:50PM;21
GEOL-111L-01;Principles of Geology;;Peter Crowley;LAB;W 02:00PM-04:00PM;15
GEOL-111L-02;Principles of Geology;;Tekla Harms;LAB;TH 08:00AM-10:00AM;0
GEOL-111L-03;Principles of Geology;;Peter Crowley;LAB;TH 02:30PM-04:30PM;5
GEOL-121-01;Surface Earth Dynamics;;David Jones;L/D;MWF 12:00PM-12:50PM;14
GEOL-301-01;Hydrogeology;;Anna Martini;L/D;MWF 11:00AM-11:50AM;9
GEOL-311-01;Sediment +ACY- Stratigraph;;David Jones;L/D;MWF 10:00AM-10:50AM;6
GEOL-321-01;Igneous Metamor Petrolgy;;John Cheney;LEC;MWF 09:00AM-09:50AM;11
GEOL-341-01;Env/Solid Earth Geophys;;Peter Crowley;LEC;TTH 10:00AM-11:20AM;7
GERM-101-01;Elementary German I;;Susanne Gomoluch;L/D;MWF 09:00AM-09:50AM;16
GERM-102-01;Elementary German II;;Susanne Gomoluch;L/D;MWF 10:00AM-10:50AM;11
GERM-102-02;Elementary German II;;Susanne Gomoluch;L/D;MWF 11:00AM-11:50AM;10
GERM-210-01;Adv Comp +ACY- Conversation;;Heidi Gilpin;L/D;MWF 10:00AM-10:50AM;5
GERM-314-01;Adv Read/Convers/Styl II;;Susanne Gomoluch;LEC;M 05:00PM-06:20PM;4
GERM-316-01;Cultural Hist from 1800;;Ute Brandes;L/D;TTH 10:00AM-11:20AM;10
GERM-331-01;Berlin, Metropolis;;Ute Brandes;L/D;MW 02:00PM-03:20PM;8
GERM-350-01;Rilke;;Christian Rogowski;L/D;TTH 11:30AM-12:50PM;15
GERM-368-01;SPACE;GERM-368-01,EUST-368-01,FAMS-373-01,ARCH-368-01;Heidi Gilpin;L/D;W 12:00PM-03:00PM;11
GREE-111-01;Intro Greek Language;;Rebecca Sinos;L/D;MWF 10:00AM-10:50AM;1
GREE-212-01;Plato's Apology;;Frederick Griffiths;L/D;MWF 09:00AM-09:50AM;10
GREE-318-01;Intro to Greek Epic;;Dale Sinos;L/D;MWF 11:00AM-11:50AM;5
HIST-125-01;Early Modern Europe;HIST-125-01,EUST-125-01;Margaret Hunt;L/D;TTH 11:30AM-12:50PM;52
HIST-141-01;Colonial North America;;Kevin Sweeney;L/D;MWF 01:00PM-01:50PM;19
HIST-172-01;Modern China;HIST-172-01,ASLC-146-01;Jerry Dennerline;L/D;TTH 10:00AM-11:20AM;40
HIST-174-01;Modern South Asian Hist;HIST-174-01,ASLC-174-01;Dwaipayan Sen;L/D;MW 02:00PM-03:20PM;34
HIST-181-01;Colnl +ACY- Pst Colnl Afric;HIST-181-01,BLST-221-01;Sean Redding;L/D;MWF 10:00AM-10:50AM;37
HIST-191-01;Middle East 1800-Present;HIST-191-01,ASLC-148-01;Monica Ringer;L/D;TTH 08:30AM-09:50AM;36
HIST-213-01;History of Science;;John Servos;L/D;TTH 08:30AM-09:50AM;37
HIST-237-01;Pop Cult/Resist/West Eur;HIST-237-01,EUST-239-01;Anna Gust;L/D;MW 12:30PM-01:50PM;33
HIST-251-01;Immigrant City;;Francis Couvares  Mark Clinton;L/D;W 02:00PM-05:00PM;10
HIST-251-01;Immigrant City;;Francis Couvares  Mark Clinton;L/D;W 02:00PM-05:00PM;10
HIST-257-01;Pst Cld War Am Dipl Hist;POSC-312-01,HIST-257-01;Norman Levin  Pavel Machala;L/D;W 02:00PM-04:30PM;31
HIST-257-01;Pst Cld War Am Dipl Hist;POSC-312-01,HIST-257-01;Norman Levin  Pavel Machala;L/D;W 02:00PM-04:30PM;31
HIST-259-01;20th Century US in World;;Colleen Woods;L/D;MW 12:00PM-01:20PM;42
HIST-265-01;Environ Hist: Lat Amer;;Rick Lopez;L/D;TTH 10:00AM-11:20AM;30
HIST-283-01;Intro South African Hist;HIST-283-01,BLST-121-01;Sean Redding;L/D;MW 02:00PM-03:20PM;27
HIST-301-01;Writing the Past;;Catherine Epstein;L/D;MW 12:30PM-01:50PM;22
HIST-355-01;Race +ACY- Educ Opportunity;HIST-355-01,BLST-341-01;Hilary Moss;L/D;T 01:00PM-03:30PM;15
HIST-393-01;Early Islam;HIST-393-01,ASLC-355-01;Monica Ringer;L/D;TTH 11:30AM-12:50PM;11
HIST-402-01;Prosem: Research/Writing;HIST-402-01,ENST-401-01;Rick Lopez  Anna Martini;L/D;TTH 11:30AM-12:50PM;20
HIST-402-01;Prosem: Research/Writing;HIST-402-01,ENST-401-01;Rick Lopez  Anna Martini;L/D;TTH 11:30AM-12:50PM;20
HIST-414-01;Therapeutc Rev/Mod Medicn;;John Servos;L/D;W 02:00PM-04:00PM;11
HIST-439-01;Betw Tsars +ACY- Communists;HIST-439-01,EUST-339-01;Sergey Glebov;L/D;TH 02:30PM-05:00PM;18
HIST-468-01;Black Liberation Theology;BLST-401-01,HIST-468-01;Jose Castro Alves;L/D;M 02:00PM-04:30PM;10
HIST-478-01;China: People and State;HIST-478-01,ASLC-470-01;Jerry Dennerline;L/D;TTH 02:30PM-03:50PM;5
JAPA-104-01;Beyond Basic Japanese;;Ikumi Kayama  Wako Tawa;L/D;MW 09:00AM-09:50AM;11
JAPA-104-01;Beyond Basic Japanese;;Ikumi Kayama  Wako Tawa;L/D;MW 09:00AM-09:50AM;11
JAPA-104-02;Beyond Basic Japanese;;Ikumi Kayama  Wako Tawa;L/D;MW 10:00AM-10:50AM;8
JAPA-104-02;Beyond Basic Japanese;;Ikumi Kayama  Wako Tawa;L/D;MW 10:00AM-10:50AM;8
JAPA-104F-01;Beyond Basic Japanese;;Ikumi Kayama  Wako Tawa;DIS;TTH 09:00AM-09:50AM;9
JAPA-104F-01;Beyond Basic Japanese;;Ikumi Kayama  Wako Tawa;DIS;TTH 09:00AM-09:50AM;9
JAPA-104F-02;Beyond Basic Japanese;;Ikumi Kayama  Wako Tawa;DIS;TTH 10:00AM-10:50AM;3
JAPA-104F-02;Beyond Basic Japanese;;Ikumi Kayama  Wako Tawa;DIS;TTH 10:00AM-10:50AM;3
JAPA-104F-03;Beyond Basic Japanese;;Ikumi Kayama  Wako Tawa;DIS;TTH 11:30AM-12:20PM;4
JAPA-104F-03;Beyond Basic Japanese;;Ikumi Kayama  Wako Tawa;DIS;TTH 11:30AM-12:20PM;4
JAPA-104F-04;Beyond Basic Japanese;;Ikumi Kayama  Wako Tawa;DIS;TTH 01:00PM-01:50PM;5
JAPA-104F-04;Beyond Basic Japanese;;Ikumi Kayama  Wako Tawa;DIS;TTH 01:00PM-01:50PM;5
JAPA-202-01;Auth Japanese Materials;;Fumiko Brown  Kozue Miyama  Wako Tawa;L/D;TTH 08:30AM-09:50AM;4
JAPA-202-01;Auth Japanese Materials;;Fumiko Brown  Kozue Miyama  Wako Tawa;L/D;TTH 08:30AM-09:50AM;4
JAPA-202-01;Auth Japanese Materials;;Fumiko Brown  Kozue Miyama  Wako Tawa;L/D;TTH 08:30AM-09:50AM;4
JAPA-202-02;Auth Japanese Materials;;Fumiko Brown  Kozue Miyama  Wako Tawa;L/D;TTH 10:00AM-11:20AM;10
JAPA-202-02;Auth Japanese Materials;;Fumiko Brown  Kozue Miyama  Wako Tawa;L/D;TTH 10:00AM-11:20AM;10
JAPA-202-02;Auth Japanese Materials;;Fumiko Brown  Kozue Miyama  Wako Tawa;L/D;TTH 10:00AM-11:20AM;10
JAPA-302-01;Reading to Learn;;Wako Tawa;L/D;MW 12:30PM-01:50PM;3
JAPA-402-01;Thematic Read +ACY- Write;;Wako Tawa;L/D;MW 02:00PM-03:20PM;1
LATI-202-01;Intermediate Latin;;Luca Grillo;L/D;MWF 12:00PM-12:50PM;8
LATI-316-01;The Augustan Age;;Luca Grillo;L/D;MWF 09:00AM-09:50AM;2
LATI-442-01;Adv. Readings/Latin Lit II;;Jessica McCutcheon;L/D;TTH 10:00AM-11:20AM;4
LJST-103-01;Legal Institutions;;Lawrence Douglas;L/D;TTH 11:30AM-12:50PM;55
LJST-110-01;Intro to Legal Theory;;Adam Sitze;L/D;TTH 10:00AM-11:20AM;34
LJST-217-01;Law With Shakespeare;;Stephanie Elsky;L/D;TTH 11:30AM-12:50PM;24
LJST-231-01;Social Movements +ACY- Change;;David Delaney;L/D;TTH 01:00PM-02:20PM;26
LJST-345-01;Law +ACY- Polit Emergency;;Nasser Hussain;L/D;T 02:30PM-04:30PM;12
LJST-354-01;Neoliberal Legal Theory;;Adam Sitze;L/D;W 02:00PM-04:00PM;26
LJST-357-01;Property, Liberty +ACY- Law;;David Delaney;L/D;M 02:00PM-04:00PM;8
MATH-106-01;Calculus W Elem Functns;;David Cox;LEC;MWF 01:00PM-01:50PM;13
MATH-111-01;Intro to the Calculus;;Robert Benedetto;L/D;MWTHF 01:00PM-01:50PM;30
MATH-121-01;Intermediate Calculus;;Danielle Benedetto;LEC;MWF 09:00AM-09:50AM;24
MATH-121-02;Intermediate Calculus;;Danielle Benedetto;LEC;MWF 10:00AM-10:50AM;32
MATH-130-01;Intro to Statistics;;Haley Hedlin;LEC;WF 09:00AM-09:50AM;26
MATH-130-02;Intro to Statistics;;Amy Wagaman;LEC;WF 10:00AM-10:50AM;30
MATH-130-03;Intro to Statistics;;Corey Manack;LEC;MW 11:00AM-11:50AM;26
MATH-130-04;Intro to Statistics;;Joanna Jeneralczuk;LEC;MF 12:00PM-12:50PM;31
MATH-211-01;Multivariable Calculus;;Michael Ching;LEC;MWF 10:00AM-10:50AM;39
MATH-211-02;Multivariable Calculus;;Friends Ndangali;LEC;MWF 01:00PM-01:50PM;19
MATH-220-01;Discrete Mathematics;;Daniel Velleman;LEC;MWF 11:00AM-11:50AM;29
MATH-260-01;Differential Equations;;Tanya Leise;LEC;MWF 10:00AM-10:50AM;29
MATH-272-01;Linear Algebra W Applicat;;Tanya Leise;LEC;MWF 09:00AM-09:50AM;33
MATH-272-02;Linear Algebra W Applicat;;Friends Ndangali;LEC;MWF 11:00AM-11:50AM;16
MATH-350-01;Groups, Rings and Fields;;Robert Benedetto;LEC;MWF 11:00AM-11:50AM;26
MATH-350-02;Groups, Rings and Fields;;David Cox;LEC;MWF 10:00AM-10:50AM;23
MATH-355-01;Intro to Analysis;;Corey Manack;L/D;MWTHF 01:00PM-01:50PM;26
MATH-380-01;Set Theory;;Daniel Velleman;LEC;MWF 02:00PM-02:50PM;7
MATH-430-01;Mathematical Statistics;;Amy Wagaman;L/D;MTWF 09:00AM-09:50AM;5
MATH-455-01;Topology;;Michael Ching;L/D;MWTHF 01:00PM-01:50PM;9
MELL-116-01;Numbers Rule the World;;Jerome Himmelstein;L/D;MW 02:00PM-03:20PM;3
MUSI-104-01;Writing Through Music;;Jason Robinson;L/D;TTH 10:00AM-11:20AM;10
MUSI-111-01;Introduction to Music;;Stephanie Robinson;L/D;MWF 12:00PM-12:50PM;30
MUSI-112-01;Exploring Music;;Roman Yakub;L/D;MWF 02:00PM-02:50PM;18
MUSI-124-01;Global Sound;MUSI-124-01,FAMS-310-01;Jeffers Engelhardt;L/D;TTH 08:30AM-09:50AM;20
MUSI-221-01;Music +ACY- Culture I;MUSI-221-01,EUST-221-01;Klara Moricz;LEC;TTH 10:00AM-11:20AM;13
MUSI-241-01;Harmony +ACY- Countrpoint I;;Eric Sawyer;L/D;MWF 10:00AM-10:50AM;9
MUSI-242-01;Form in Tonal Music;;Harold Meltzer;L/D;WF 12:00PM-01:20PM;18
MUSI-247-01;Advanced Jazz;;Bruce Diehl;L/D;MW 02:00PM-03:20PM;8
MUSI-260-01;Words and Music;THDA-280-01,MUSI-260-01;Ronald Bashford  Harold Meltzer;L/D;W 02:00PM-05:00PM;15
MUSI-260-01;Words and Music;THDA-280-01,MUSI-260-01;Ronald Bashford  Harold Meltzer;L/D;W 02:00PM-05:00PM;15
MUSI-310-01;Performance +ACY- Analysis II;;David Schneider;L/D;WSU 03:30PM-05:30PM;11
MUSI-310H-01;Performance +ACY- Analysis II;;David Schneider;L/D;WS 03:30PM-05:30PM;0
MUSI-352-01;Performance in Place;THDA-352-01,FAMS-342-01,MUSI-352-01;Wendy Woodson;L/D;F 01:00PM-04:00PM;10
MUSI-372-01;Composition Seminar II;;Eric Sawyer;L/D;F 02:00PM-04:00PM;9
MUSI-439-01;Improvised Music;;Jason Robinson;L/D;TTH 02:30PM-03:50PM;8
MUSI-448-01;Patterns in Sound;;Jeffers Engelhardt;L/D;TTH 11:30AM-12:50PM;9
NEUR-226-01;Intro Neuroscience;NEUR-226-01,PSYC-226-01;Ethan Graf  Sarah Turgeon;LEC;MWF 10:00AM-10:50AM;35
NEUR-226-01;Intro Neuroscience;NEUR-226-01,PSYC-226-01;Ethan Graf  Sarah Turgeon;LEC;MWF 10:00AM-10:50AM;35
NEUR-226F-01;Intro Neurosci Dis;NEUR-226F-01,PSYC-226F-01;Ethan Graf  Sarah Turgeon;DIS;TH 01:00PM-01:50PM;35
NEUR-226F-01;Intro Neurosci Dis;NEUR-226F-01,PSYC-226F-01;Ethan Graf  Sarah Turgeon;DIS;TH 01:00PM-01:50PM;35
NEUR-226L-01;Intro Neurosci Lab;NEUR-226L-01,PSYC-226L-01;Ethan Graf  Sarah Turgeon;LAB;T 01:00PM-04:00PM;18
NEUR-226L-01;Intro Neurosci Lab;NEUR-226L-01,PSYC-226L-01;Ethan Graf  Sarah Turgeon;LAB;T 01:00PM-04:00PM;18
NEUR-226L-02;Intro Neurosci Lab;NEUR-226L-02,PSYC-226L-02;Ethan Graf  Sarah Turgeon;LAB;W 02:00PM-05:00PM;17
NEUR-226L-02;Intro Neurosci Lab;NEUR-226L-02,PSYC-226L-02;Ethan Graf  Sarah Turgeon;LAB;W 02:00PM-05:00PM;17
PHIL-111-01;Intro to Philosophy;;Thomas Kearns;L/D;TTH 10:00AM-11:20AM;20
PHIL-111-02;Intro to Philosophy;;Alexander George;L/D;TTH 11:30AM-12:50PM;25
PHIL-218-01;Early Modern Philosophy;;Jonathan Vogel;L/D;TTH 10:00AM-11:20AM;21
PHIL-219-01;Philosophy of Religion;RELI-316-01,PHIL-219-01;Andrew Dole;L/D;TTH 10:00AM-11:20AM;20
PHIL-223-01;Health Care Ethics;;Karin Boxer;L/D;TTH 02:30PM-03:50PM;22
PHIL-226-01;Intro to Political Philo;;Daniel Koltonski;L/D;MWF 11:00AM-11:50AM;22
PHIL-227-01;Aesthetics;;Joseph Moore;L/D;MW 02:30PM-03:50PM;16
PHIL-332-01;Metaphysics;;Jonathan Vogel;L/D;TTH 02:30PM-03:50PM;11
PHIL-341-01;Freedom +ACY- Responsibility;;Karin Boxer;L/D;TTH 10:00AM-11:20AM;4
PHIL-360-01;Origins of Analytic Phil;;Alexander George;L/D;W 02:30PM-05:00PM;17
PHIL-467-01;Philosophy of Music;;Joseph Moore;L/D;T 02:30PM-05:00PM;10
PHIL-471-01;Metaphilosophy;;Jyl Gentzler;L/D;TTH 01:00PM-02:20PM;9
PHIL-473-01;Sem: Economic Justice;;Daniel Koltonski;L/D;TH 02:30PM-05:00PM;8
PHYS-109-01;Energy;;Larry Hunter;L/D;TTH 10:00AM-11:20AM;22
PHYS-116-01;Mechanics +ACY- Wave Motion;;Kannan Jagannathan  Larry Hunter;LEC;MWF 12:00PM-12:50PM;68
PHYS-116-01;Mechanics +ACY- Wave Motion;;Kannan Jagannathan  Larry Hunter;LEC;MWF 12:00PM-12:50PM;68
PHYS-116L-01;Mechanics +ACY- Wave Motion Lab;;Kannan Jagannathan;LAB;TH 01:00PM-04:00PM;24
PHYS-116L-02;Mechanics +ACY- Wave Motion Lab;;Kannan Jagannathan;LAB;F 02:00PM-05:00PM;23
PHYS-116L-03;Mechanics +ACY- Wave Motion Lab;;Kannan Jagannathan;LAB;T 02:30PM-05:30PM;20
PHYS-117-01;Electromagnetsm +ACY- Optics;;William Loinaz;LEC;MWF 12:00PM-12:50PM;40
PHYS-117L-01;Electromagnetsm +ACY- Optics Lab;;William Loinaz;LAB;M 02:00PM-05:00PM;25
PHYS-117L-02;Electromagnetsm +ACY- Optics Lab;;William Loinaz;LAB;T 02:30PM-05:30PM;14
PHYS-124-01;Maxwellian Synthesis;;Ashley Carter;LEC;MWF 12:00PM-12:50PM;13
PHYS-124L-01;Maxwellian Synthesis Dis;;Ashley Carter;LAB;W 02:00PM-05:00PM;13
PHYS-226-01;Intermed Lab;;David Hall;LAB;T 01:00PM-04:00PM;12
PHYS-230-01;Stat Mech +ACY- Thermodynam;;David Hanneke;L/D;MWF 09:00AM-09:50AM;15
PHYS-348-01;Quantum Mechanics;;David Hanneke;L/D;MWF 11:00AM-11:50AM;8
POSC-101-01;Political Identities;;Amrita Basu;L/D;TTH 02:30PM-03:50PM;34
POSC-207-01;Home and the World;WAGS-207-01,POSC-207-01;Amrita Basu  Krupa Shandilya;L/D;TTH 11:30AM-12:50PM;27
POSC-207-01;Home and the World;WAGS-207-01,POSC-207-01;Amrita Basu  Krupa Shandilya;L/D;TTH 11:30AM-12:50PM;27
POSC-211-01;Pol Theory of Liberalism;;Thomas Dumm;L/D;TTH 10:00AM-11:20AM;39
POSC-302-01;Disabling Institutions;;Kristin Bumiller;L/D;MW 12:00PM-01:20PM;22
POSC-305-01;Political Islam;;Fatma Zencirci;L/D;TTH 10:00AM-11:20AM;18
POSC-312-01;Pst Cld War Am Dipl Hist;POSC-312-01,HIST-257-01;Norman Levin  Pavel Machala;L/D;W 02:00PM-04:30PM;31
POSC-312-01;Pst Cld War Am Dipl Hist;POSC-312-01,HIST-257-01;Norman Levin  Pavel Machala;L/D;W 02:00PM-04:30PM;31
POSC-315-01;Intro Frankfurt Schl;;Samantha Hill;L/D;W 02:30PM-04:30PM;7
POSC-335-01;Modern Political Thought;;Andrew Poe;L/D;MW 12:00PM-01:20PM;20
POSC-340-01;Power, Conflict, and Crim;;Philip Scraton;L/D;W 02:00PM-05:00PM;8
POSC-360-01;Punshmt/Politics/Culture;;Austin Sarat;L/D;W 08:30AM-10:30AM;15
POSC-400-01;Domestic Politics;;Kristin Bumiller;L/D;M 02:30PM-04:30PM;10
POSC-401-01;Fanaticism;;Andrew Poe;L/D;TH 02:00PM-04:30PM;7
POSC-402-01;Humanitarianism;;Fatma Zencirci;L/D;TH 02:30PM-04:30PM;14
POSC-413-01;Polit Theory:Globalizatn;;Pavel Machala;L/D;M 02:00PM-04:30PM;13
POSC-475-01;Personality and Politics;;William Taubman;L/D;T 02:30PM-04:30PM;8
POSC-480-01;Contemp Political Theory;;Thomas Dumm;L/D;T 02:30PM-04:30PM;16
POSC-484-01;Global Resource Politics;;Michael Klare;L/D;TTH 10:00AM-11:20AM;19
PSYC-100-01;Intro to Psychology;;Saaid Mendoza;L/D;TTH 11:30AM-12:50PM;53
PSYC-100-02;Intro to Psychology;;Jessica Salvatore  Lisa Raskin;L/D;TTH 01:00PM-02:20PM;45
PSYC-100-02;Intro to Psychology;;Jessica Salvatore  Lisa Raskin;L/D;TTH 01:00PM-02:20PM;45
PSYC-122-01;Statis +ACY- Expermnt Design;;Julia McQuade;L/D;MW 08:30AM-09:50AM;31
PSYC-123-01;Research Methods;;Amy Demorest;L/D;W 02:00PM-04:30PM;21
PSYC-220-01;Social Psychology;;Catherine Sanderson;L/D;TTH 08:30AM-09:50AM;51
PSYC-226-01;Intro Neuroscience;NEUR-226-01,PSYC-226-01;Ethan Graf  Sarah Turgeon;LEC;MWF 10:00AM-10:50AM;35
PSYC-226-01;Intro Neuroscience;NEUR-226-01,PSYC-226-01;Ethan Graf  Sarah Turgeon;LEC;MWF 10:00AM-10:50AM;35
PSYC-226F-01;Intro Neurosci Dis;NEUR-226F-01,PSYC-226F-01;Ethan Graf  Sarah Turgeon;DIS;TH 01:00PM-01:50PM;35
PSYC-226F-01;Intro Neurosci Dis;NEUR-226F-01,PSYC-226F-01;Ethan Graf  Sarah Turgeon;DIS;TH 01:00PM-01:50PM;35
PSYC-226L-01;Intro Neurosci Lab;NEUR-226L-01,PSYC-226L-01;Ethan Graf  Sarah Turgeon;LAB;T 01:00PM-04:00PM;18
PSYC-226L-01;Intro Neurosci Lab;NEUR-226L-01,PSYC-226L-01;Ethan Graf  Sarah Turgeon;LAB;T 01:00PM-04:00PM;18
PSYC-226L-02;Intro Neurosci Lab;NEUR-226L-02,PSYC-226L-02;Ethan Graf  Sarah Turgeon;LAB;W 02:00PM-05:00PM;17
PSYC-226L-02;Intro Neurosci Lab;NEUR-226L-02,PSYC-226L-02;Ethan Graf  Sarah Turgeon;LAB;W 02:00PM-05:00PM;17
PSYC-227-01;Developmental Psychology;;Katherine Clemans;L/D;TTH 10:00AM-11:20AM;43
PSYC-228-01;Abnormal Psychology;;Julia McQuade;L/D;TTH 10:00AM-11:20AM;39
PSYC-233-01;Cognitive Psychology;;Matthew Schulkind;L/D;TTH 11:30AM-12:50PM;49
PSYC-248-01;Psych of Good +ACY- Evil;;Catherine Sanderson;L/D;TTH 01:00PM-02:20PM;17
PSYC-353-01;Psychological Assessment;;Amy Demorest;L/D;M 02:00PM-04:30PM;17
PSYC-354-01;Close Relationships;;Catherine Sanderson;L/D;W 08:30AM-10:50AM;18
PSYC-355-01;Social Development;;Katherine Clemans;L/D;TH 02:30PM-05:00PM;11
PSYC-357-01;Hist of Psychiatry;;Lisa Raskin;L/D;W 02:00PM-04:30PM;5
PSYC-366-01;Music Cognition;;Matthew Schulkind;L/D;T 02:00PM-04:30PM;15
RELI-210-01;Nature of Religion;;Andrew Dole;L/D;MW 02:00PM-03:20PM;21
RELI-235-01;Religion in U.S.;;David Wills;L/D;TTH 11:30AM-12:50PM;19
RELI-254-01;Reading Buddhist Texts;RELI-254-01,ASLC-254-01;Andrew Olendzki;L/D;T 02:30PM-05:00PM;22
RELI-271-01;Christianity Global Relig;;David Wills;L/D;MW 12:30PM-01:50PM;8
RELI-273-01;Christian Scriptures;;Robert Doran;L/D;MWF 11:00AM-11:50AM;16
RELI-275-01;Christianity-Early Years;;Robert Doran;L/D;MWF 10:00AM-10:50AM;23
RELI-282-01;Muhammad and the Qur'an;RELI-282-01,ASLC-282-01;Tariq Jaffer;L/D;TTH 11:30AM-12:50PM;21
RELI-316-01;Philosophy of Religion;RELI-316-01,PHIL-219-01;Andrew Dole;L/D;TTH 10:00AM-11:20AM;20
RELI-326-01;Enlightening Passion;ASLC-326-01,WAGS-326-01,RELI-326-01;Paola Zamperini;L/D;MW 12:30PM-01:50PM;5
RELI-362-01;Folklore +ACY- the Bible;;Susan Niditch;L/D;TTH 01:00PM-02:20PM;35
RELI-365-01;Pers Relig in the Bible;;Susan Niditch;L/D;TTH 10:00AM-11:20AM;12
RELI-385-01;Islamic Mystic Tradition;RELI-385-01,ASLC-356-01;Tariq Jaffer;L/D;TH 02:30PM-04:30PM;9
RUSS-102-01;First-Year Russian II;;Evgeny Dengub;L/D;MTWTHF 09:00AM-09:50AM;4
RUSS-102-02;First-Year Russian II;;Evgeny Dengub;L/D;MTWTHF 10:00AM-10:50AM;9
RUSS-202-01;Second-Year Russian II;;Boris Wolfson;L/D;MTWTHF 01:00PM-01:50PM;8
RUSS-212-01;Survey Russian Lit II;;Stanley Rabinowitz;L/D;MWF 12:00PM-12:50PM;72
RUSS-213-01;Century of Catastrophe;;Catherine Ciepiela;L/D;MWF 11:00AM-11:50AM;9
RUSS-228-01;Leo Tolstoy;;Boris Wolfson;L/D;TTH 10:00AM-11:20AM;3
RUSS-302-01;Third-Year Russian II;;Stanley Rabinowitz  Tatyana Babyonyshev;L/D;MW 02:30PM-03:50PM;10
RUSS-302-01;Third-Year Russian II;;Stanley Rabinowitz  Tatyana Babyonyshev;L/D;MW 02:30PM-03:50PM;10
RUSS-304H-01;Adv Conversation +ACY- Comp;;Tatyana Babyonyshev;L/D;TTH 01:00PM-01:50PM;4
SOCI-205-01;Health Inequality;;Dean Robinson;L/D;F 12:00PM-02:00PM;19
SOCI-225-01;Prisons, Schls, +ACY- Milit;;Hannah Holleman;L/D;MW 12:00PM-01:20PM;22
SOCI-227-01;Urban Sociology;;Richard Fantasia;L/D;T 02:30PM-04:50PM;14
SOCI-234-01;Social Class;;Ronald Lembo;L/D;TTH 10:00AM-11:20AM;27
SOCI-237-01;Gender and Work;SOCI-237-01,WAGS-237-01;Eun Mi Mun;L/D;TTH 10:00AM-11:20AM;14
SOCI-316-01;Social Research;;Jerome Himmelstein;L/D;TTH 11:30AM-12:50PM;15
SOCI-330-01;U.S. Latino Studies Sem.;;Wilson Valentin;L/D;M 02:00PM-04:00PM;7
SOCI-332-01;Cultural Difference;;Ronald Lembo;L/D;T 01:00PM-03:30PM;8
SOCI-341-01;Environmental Movements;;Hannah Holleman;L/D;W 02:00PM-04:00PM;21
SPAN-110-01;Elementary Spanish;;Maria Aldea Agudo  Maria Maillo;LEC;MWF 10:00AM-10:50AM;8
SPAN-110-01;Elementary Spanish;;Maria Aldea Agudo  Maria Maillo;LEC;MWF 10:00AM-10:50AM;8
SPAN-110-02;Elementary Spanish;;Maria Aldea Agudo  Maria Maillo;LEC;MWF 11:00AM-11:50AM;11
SPAN-110-02;Elementary Spanish;;Maria Aldea Agudo  Maria Maillo;LEC;MWF 11:00AM-11:50AM;11
SPAN-110F-01;Elem. Spanish Discuss;;Maria Aldea Agudo  Maria Maillo;DIS;TTH 09:00AM-09:50AM;6
SPAN-110F-01;Elem. Spanish Discuss;;Maria Aldea Agudo  Maria Maillo;DIS;TTH 09:00AM-09:50AM;6
SPAN-110F-03;Elem. Spanish Discuss;;Maria Aldea Agudo  Maria Maillo;DIS;TTH 01:00PM-01:50PM;3
SPAN-110F-03;Elem. Spanish Discuss;;Maria Aldea Agudo  Maria Maillo;DIS;TTH 01:00PM-01:50PM;3
SPAN-110F-04;Elem. Spanish Discuss;;Maria Aldea Agudo  Maria Maillo;DIS;TTH 02:00PM-02:50PM;4
SPAN-110F-04;Elem. Spanish Discuss;;Maria Aldea Agudo  Maria Maillo;DIS;TTH 02:00PM-02:50PM;4
SPAN-120-02;Intermediate Spanish;;Dimaris Barrios-Beltran  Maria Maillo;LEC;MWF 10:00AM-10:50AM;5
SPAN-120-02;Intermediate Spanish;;Dimaris Barrios-Beltran  Maria Maillo;LEC;MWF 10:00AM-10:50AM;5
SPAN-120-03;Intermediate Spanish;;Dimaris Barrios-Beltran  Maria Maillo;LEC;MWF 01:00PM-01:50PM;7
SPAN-120-03;Intermediate Spanish;;Dimaris Barrios-Beltran  Maria Maillo;LEC;MWF 01:00PM-01:50PM;7
SPAN-120F-01;Interm. Span Discuss;;Dimaris Barrios-Beltran  Maria Twardy  Maria Maillo;DIS;T 09:00AM-09:50AM;4
SPAN-120F-01;Interm. Span Discuss;;Dimaris Barrios-Beltran  Maria Twardy  Maria Maillo;DIS;T 09:00AM-09:50AM;4
SPAN-120F-01;Interm. Span Discuss;;Dimaris Barrios-Beltran  Maria Twardy  Maria Maillo;DIS;T 09:00AM-09:50AM;4
SPAN-120F-03;Interm. Span Discuss;;Dimaris Barrios-Beltran  Maria Twardy  Maria Maillo;DIS;T 11:00AM-11:50AM;2
SPAN-120F-03;Interm. Span Discuss;;Dimaris Barrios-Beltran  Maria Twardy  Maria Maillo;DIS;T 11:00AM-11:50AM;2
SPAN-120F-03;Interm. Span Discuss;;Dimaris Barrios-Beltran  Maria Twardy  Maria Maillo;DIS;T 11:00AM-11:50AM;2
SPAN-120F-04;Interm. Span Discuss;;Dimaris Barrios-Beltran  Maria Twardy  Maria Maillo;DIS;T 01:00PM-01:50PM;3
SPAN-120F-04;Interm. Span Discuss;;Dimaris Barrios-Beltran  Maria Twardy  Maria Maillo;DIS;T 01:00PM-01:50PM;3
SPAN-120F-04;Interm. Span Discuss;;Dimaris Barrios-Beltran  Maria Twardy  Maria Maillo;DIS;T 01:00PM-01:50PM;3
SPAN-120F-05;Interm. Span Discuss;;Dimaris Barrios-Beltran  Maria Twardy  Maria Maillo;DIS;T 02:00PM-02:50PM;3
SPAN-120F-05;Interm. Span Discuss;;Dimaris Barrios-Beltran  Maria Twardy  Maria Maillo;DIS;T 02:00PM-02:50PM;3
SPAN-120F-05;Interm. Span Discuss;;Dimaris Barrios-Beltran  Maria Twardy  Maria Maillo;DIS;T 02:00PM-02:50PM;3
SPAN-130-01;Advanced Spanish;;Maria Twardy  Maria Maillo;LEC;MWF 10:00AM-10:50AM;7
SPAN-130-01;Advanced Spanish;;Maria Twardy  Maria Maillo;LEC;MWF 10:00AM-10:50AM;7
SPAN-130-02;Advanced Spanish;;Maria Twardy  Maria Maillo;LEC;MWF 11:00AM-11:50AM;5
SPAN-130-02;Advanced Spanish;;Maria Twardy  Maria Maillo;LEC;MWF 11:00AM-11:50AM;5
SPAN-130F-01;Adv. Spanish Discuss;;Maria Twardy  Maria Maillo;DIS;TH 09:00AM-09:50AM;2
SPAN-130F-01;Adv. Spanish Discuss;;Maria Twardy  Maria Maillo;DIS;TH 09:00AM-09:50AM;2
SPAN-130F-02;Adv. Spanish Discuss;;Maria Twardy  Maria Maillo;DIS;TH 10:00AM-10:50AM;3
SPAN-130F-02;Adv. Spanish Discuss;;Maria Twardy  Maria Maillo;DIS;TH 10:00AM-10:50AM;3
SPAN-130F-03;Adv. Spanish Discuss;;Maria Twardy  Maria Maillo;DIS;TH 01:00PM-01:50PM;3
SPAN-130F-03;Adv. Spanish Discuss;;Maria Twardy  Maria Maillo;DIS;TH 01:00PM-01:50PM;3
SPAN-130F-04;Adv. Spanish Discuss;;Maria Twardy  Maria Maillo;DIS;TH 02:00PM-02:50PM;3
SPAN-130F-04;Adv. Spanish Discuss;;Maria Twardy  Maria Maillo;DIS;TH 02:00PM-02:50PM;3
SPAN-135-01;Spanish Conversation;;Maria Aldea Agudo  Maria Maillo;LEC;MWF 01:00PM-01:50PM;2
SPAN-135-01;Spanish Conversation;;Maria Aldea Agudo  Maria Maillo;LEC;MWF 01:00PM-01:50PM;2
SPAN-135F-02;Spanish Convo Discuss;;Maria Aldea Agudo  Maria Maillo;DIS;TH 01:00PM-01:50PM;2
SPAN-135F-02;Spanish Convo Discuss;;Maria Aldea Agudo  Maria Maillo;DIS;TH 01:00PM-01:50PM;2
SPAN-140-01;Span for Heritage Speakers;;Dimaris Barrios-Beltran  Maria Maillo;L/D;MWF 09:00AM-09:50AM;2
SPAN-140-01;Span for Heritage Speakers;;Dimaris Barrios-Beltran  Maria Maillo;L/D;MWF 09:00AM-09:50AM;2
SPAN-199-01;Spanish Composition;;Maria Maillo;L/D;MWF 10:00AM-10:50AM;12
SPAN-199-02;Spanish Composition;;Maria Maillo;L/D;MWF 11:00AM-11:50AM;13
SPAN-200-01;Span for Community Engag;;Maria Maillo;L/D;MW 12:30PM-01:50PM;16
SPAN-211-01;Intro to Hispanic Lit.;;Maria Twardy  Maria Maillo;L/D;TTH 11:30AM-12:50PM;10
SPAN-211-01;Intro to Hispanic Lit.;;Maria Twardy  Maria Maillo;L/D;TTH 11:30AM-12:50PM;10
SPAN-236-01;Rep +ACY- Reality Span Cinem;SPAN-236-01,EUST-232-01,FAMS-328-01;Sara Brenneis;L/D;TTH 02:30PM-03:50PM;13
SPAN-316-01;Golden Age Literature;;James Maraniss;L/D;MW 12:00PM-01:20PM;51
SPAN-363-01;100 Yrs. of Solitude;;Ilan Stavchansky;L/D;TTH 10:00AM-11:20AM;28
SPAN-389-01;Postwar Spain +ACY- the Novel;;Sara Brenneis;L/D;TTH 11:30AM-12:50PM;9
THDA-112-01;Materials of Theater;;Suzanne Dougan;L/D;T 01:00PM-04:00PM;9
THDA-112-02;Materials of Theater;;Suzanne Dougan;STU;TH 01:00PM-04:00PM;8
THDA-113-01;Action +ACY- Character;;Peter Lobdell;L/D;MWF 02:00PM-04:00PM;20
THDA-115H-01;Contmp Dance:Mod 1/2;;Catherine Wagner;L/D;TTH 04:00PM-05:30PM;9
THDA-117-01;Ctmp Dan Mod 3 Reperto;;Paul Matteson;L/D;MWF 04:00PM-05:30PM;5
THDA-117H-01;Ctmp Dan Modern 3;;Paul Matteson;L/D;MW 04:00PM-05:30PM;14
THDA-151-01;Theater and Performance;;Suzanne Dougan;L/D;MW 12:00PM-01:20PM;6
THDA-217H-01;Ctmp Dan: Mod Bal 4;;Thomas Vacanti;L/D;TTH 11:30AM-12:50PM;3
THDA-225H-01;The Craft of Speaking II;;Ronald Bashford;L/D;TTH 10:00AM-11:20AM;18
THDA-261-01;Lighting Design;;Kathy Couch;L/D;T 01:00PM-04:00PM;7
THDA-263-01;Scene Design;;Suzanne Dougan;L/D;MW 02:00PM-04:00PM;3
THDA-270-01;Playwriting I;;Constance Congdon;L/D;TTH 10:00AM-11:20AM;12
THDA-270-02;Playwriting I;;Constance Congdon;L/D;TTH 11:30AM-12:50PM;11
THDA-280-01;Words and Music;THDA-280-01,MUSI-260-01;Ronald Bashford  Harold Meltzer;L/D;W 02:00PM-05:00PM;15
THDA-280-01;Words and Music;THDA-280-01,MUSI-260-01;Ronald Bashford  Harold Meltzer;L/D;W 02:00PM-05:00PM;15
THDA-330-01;Rehearsal;;Peter Lobdell;L/D;TTH 01:00PM-03:00PM;7
THDA-352-01;Performance in Place;THDA-352-01,FAMS-342-01,MUSI-352-01;Wendy Woodson;L/D;F 01:00PM-04:00PM;10
THDA-360-01;Design Studio;;Suzanne Dougan;L/D;MF 09:30AM-11:30AM;1
THDA-363-01;Design Studio II;;Suzanne Dougan;L/D;MF 09:30AM-11:30AM;1
WAGS-113-01;Realm of Dreams;ARHA-146-01,EUST-146-01,WAGS-113-01;Natasha Staller;L/D;TTH 10:00AM-11:20AM;19
WAGS-123-01;Greek Civilization;CLAS-123-01,WAGS-123-01;Frederick Griffiths;L/D;MWF 11:00AM-11:50AM;51
WAGS-200-01;Feminist Theory;;Krupa Shandilya;L/D;TTH 08:30AM-09:50AM;25
WAGS-201-01;Gender +ACY- Science;;Banu Subramaniam;L/D;T 02:30PM-04:30PM;17
WAGS-202-01;Black Women's Narratives;WAGS-202-01,BLST-242-01;Aneeka Henderson;L/D;TTH 11:30AM-12:50PM;16
WAGS-207-01;Home and the World;WAGS-207-01,POSC-207-01;Amrita Basu  Krupa Shandilya;L/D;TTH 11:30AM-12:50PM;27
WAGS-207-01;Home and the World;WAGS-207-01,POSC-207-01;Amrita Basu  Krupa Shandilya;L/D;TTH 11:30AM-12:50PM;27
WAGS-237-01;Gender and Work;SOCI-237-01,WAGS-237-01;Eun Mi Mun;L/D;TTH 10:00AM-11:20AM;14
WAGS-312-01;Queer Geographies;WAGS-312-01,ENGL-370-01;Michele Barale;L/D;MF 12:00PM-01:20PM;9
WAGS-326-01;Enlightening Passion;ASLC-326-01,WAGS-326-01,RELI-326-01;Paola Zamperini;L/D;MW 12:30PM-01:50PM;5
WAGS-330-01;Black Sexualities;BLST-236-01,WAGS-330-01;Khary Polk;L/D;TTH 02:30PM-03:50PM;21
